order_id,star,message_ko
634e8f4c0f6744a626f77f39770ac6aa,1,충전된 제품과 가격이 매우 좋습니다!
5164933efe0cd14f31424b9badf81f19,1,제품이 기대에 미치지 못함
f4471dae8c482f51aa1826cd9f5d4433,1,오래된 제품을 받았어요
93ec3e2c9a4beee38c28973d307093e1,1,가장 중요한 부분으로 꼽히는 FLANGE 의자가 사라졌습니다.
4f7e398a1ddb1c349465b42b6865c60b,1,"제품이 마음에 들지 않았습니다. 내가 상상했던 것과, 예상했던 것과 달랐습니다."
f30607daae66843552e00843c6de88ef,1,"소비자를 더욱 존중하는, 선물용이었습니다!!"
8ca57f2b32c00588cab243b2115441f5,1,제품 반품에 대해 알고 싶습니다. 반품을 확인하는 데 48시간이 소요되고 아직까지 아무 것도 없다고 했기 때문입니다.
d30680568af2e9f0aeba3420292df26d,1,그들은 아무것도 제공하지 않았고 만족을 주지도 않았습니다!나는 돌아올 것이다
1a7ee01992a69255a005e9db8a96d898,1,제품을 구매했는데 다른 제품이 왔습니다.
d0e9849de800fdb4cb3b5e6d42c6b367,1,솔기에 결함이 있는 제품입니다.
444ebbf5602b5acdad22e0b4a9951bda,1,올바른 제품을 받았지만 매우 약해서 조립 중에 깨지기 시작했습니다.
651bd7286b2e17e1e3ea7b644870e429,1,인형이 라니스터 키오스크에서 본 사양에 맞지 않았습니다.
ca621c614abfc6d64f4a093ade1249b9,1,테디베어를 샀을 때 테디베어 색깔도 물어보지 않고 핑크색을 클릭했더니 파란색이 와서 추천하지 않습니다. 그런데 지금은 여자를 임신했다는 이유로 그 돈을 버렸어요
ceb992824b749348734de15eaca939ac,1,약은 독창적이지 않습니다
544b98cbee1fc6152e5ede26e1ef2986,1,내 제품은 어디에 있나요?이미 지불되었습니다.
9bcfea969358b43046969a17bfa436b9,1,제품을 사용하기 시작했는데 결함이 생겼습니다.
fb6a01b94b2f20833eb7593ea1a54a8f,1,"긁혔고, 버튼이 부러지고, 와이어가 벗겨졌고, 최악의 부분은 초콜릿 녹이는 경우 온도가 20°C 이상이어야 하고 이 합금은 50°C 이상이어야 한다는 것입니다.녹지 않고 타요."
051fcda88d997d3ff86012da2a556342,1,합성피혁이에요!!
7cf158d0e4744ba4ce58e5a9be631f7e,1,"반품하고 싶습니다.
어떤 절차를 밟아주세요?"
3dbf60040199f502ec5dd67f86b804ab,1,아직 상품을 못받았는데 너무 만족스럽습니다!!!
5c4e9b69cfdcd45f69531467695237e4,1,제품이 켜지거나 아무것도 켜지지 않았습니다.로딩하는데 시간이 좀 걸렸지만 아무 일도 일어나지 않았습니다
b687f81e0e59c1153eaa197ad1c1d043,1,내 돈을 돌려받고 싶어
4c3e9e2bce3a3234a9255f390683e3af,1,"주문한 상품과 다른 상품입니다.게다가, 당신은 열악한 서비스를 제공합니다."
41c284ffd871324eadf06fc989583619,1,"3개 제품을 구매했는데, 구매한 제품과 일치하지 않는 제품이 2개 왔어요.이 판매자에 대한 나의 부정적인 의견으로 인해 그는 판매에서 약속한 것을 이행하지 않았습니다."
c66f263a77d0b978664e122a57598d88,1,"1달동안 회전핀을 기다려왔습니다.당신과 당신의 파트너에게 보냈는데.. 아무것도 없었어요 
곧 프로콘이 되겠지"
7f0cd5312c451eb0b746d9e0617e57f9,1,"네, 흥미로운 구매 시스템입니다만, 일부 부정적인 상황으로 인해 실수로 저에게 보내진 맥주 타워 구매에 대한 불만을 등록하고 싶습니다."
f05aaa145a323239764fc5948997db58,1,"Belkin 차량용 충전기를 구입했는데, 처음으로 차량에 연결했을 때 충전기와 차량 소켓이 타버렸습니다."
6b3c0956c89312e2c54f8d1366ecea9a,1,예상대로 왔어요
a47e9312f596497c7762dbfdf78eda29,1,제품을 구매한 지 10일이 넘었고 지금까지 아무 것도 없습니다. 이 판매자는 말할 것도 없고 이 SHOP TIME을 다시는 사용하지 않을 것입니다.
e9a85f45594b8912672374e10d99f1a7,1,나는 재료가 매우 열악하고 비싸다는 것을 알았습니다.
3925b740d70eb26c3aefd1cabe5c8143,1,최소 수량
a686a1abab230b267d666e2b728f659c,1,원단이 방수가 되지 않아 물에 젖어도
313e46c49954ab094294fc88b099b570,1,기대이상의...
882106360eb7749193bf51b626d4d835,1,'푸로두토스' 두 개를 샀는데 메인 하나를 보내지 않았어요!
d248ddd0378083cb6c2bc7b9881d37d4,1,제가 구매한 제품 2개 키트 중 1개 키트만 받으시게 됨을 담당자에게 알립니다. 제가 둘 다 지불했으니 다른 하나를 보내달라고 겸손히 부탁드립니다.
17eba629ec542978d1ea929d473d4f19,1,필터가 다 깨져서 받았어요
bb9a5a9d8a6ff80eabda95e3b78f0a45,1,Iso X를 구입하고 Nitro Hard를 받았습니다.
6ed7913722200b05e7d5df38f1ee777e,1,전문 직업 의식
fcf50b257e3e35c31244d4d78b760c44,1,ORIGINAL HIGH YIELD CF 360X HP 508X BLACK Toner를 구입했는데 LOW YIELD CF360A HP 508A BLACK 토너를 받았고 토너를 테스트하러 갔는데 결함이 있었습니다.
ce5f998d724ed1ac61c890e33b24a33f,1,내 제품은 어디에... 내 의견을 알고 싶으면 먼저 받아봐야겠죠?
cb146a1049b500293d63495c05722085,1,HP 93 컬러 카트리지만 받았습니다.하지만 저는 hp 92 카트리지와 함께 구입했습니다. 미완성으로 왔어요!어떻게 해야 하나요?
ab3049853be314c3dcc3721cea4438e1,1,백설공주가 올 집 모형을 샀는데 공주 프린트가 들어왔네요
270c25da086ad763f34a2cd66c6aae7a,1,필코 리모콘을 구매했습니다.그리고 집에서 필립스 리모콘을 받았습니다.
ef39e8a01edeec8664b6fa8ebc5f3b9f,1,"제 시간에 제품을 받았는데, 체중계에 무게가 너무 많이 변동했습니다."
100cd7893daf3992dc9d95b595c713c5,1,예상대로 받았습니다
d839ea07a528e914f89702508023da37,1,targaryen은 전자상거래 상점과 소비자 사이의 중개자입니다.완전히 무질서합니다.나는 Targaryen에게 0점을 부여합니다.
8f62b43c005fef494fe6d25e46006652,1,시계는 좋은데 팔찌가 썩었어요. 어느날 입었는데 썩어서 새로 사야했어요. 새로운 팔찌는 원통형으로 만들어져야 했습니다.
35df3b4dd9ccd07b51ef412f243e1483,1,"그들은 나에게 빨간 화분을 보냈고, 나는 검은색 화분을 샀다...."
0b461bff8323f6fec51ec6254a81d562,1,구매한 상품과 다른 상품이 왔네요
899a5ec4b50c53b46fc876182c9cecab,1,"와, 난 그냥 내 제품을 원했어요"
6f88df04acbbbb0f5c98ef28271d27ea,1,제품은 Funko가 아니며 유사하며 결함이 가득합니다.
65c89cbb9f1da66608c81d78485e3cdc,1,그건 내가 기대했던 게 아니었어
f9a4431b06162517b2bc2fbaf8f9645a,1,냄비를 못받았어요
105b31400017ca4a848d48ec5df78257,1,motog5 스플러스 플래티넘을 구매했는데 이미 사용했다는 특징이 있는 재포장된 골든 motog5를 받았습니다.제품에는 보호 커버 외에 유리 필름이 도포된 상태로 제공됩니다.포장 n
9b8aaa74d468897a211fb359950937e5,1,상품이 전혀 좋지 않아서 매우 불만족스러웠습니다.
bc9c2fb123725ad0d99fb76888543245,1,고객에게 더 많은 관심을 갖고 싶습니다.기계가 아닌 누군가와 대화하고 싶다
58e7140d9d368a70076dc999a7a7bf85,1,상품을 다 못받았어요?
69b00a66e2558dd57ba062f782995941,1,Playstation 2 장치를 받았는데 원래 컨트롤과 함께 제공되지 않고 병렬 장치와 함께 제공되었으며 장치에 결함이 있어 처음으로 켜지고 꺼졌다가 오랜 시간이 지나도 다시 켜지지 않습니다.
91415c7eb3a9313812484623efc7ee27,1,이 제품은 어떻게 됐나요?
2591f6277be80b0c25627c745ec900c4,1,다시는 이 가게가 없을 거예요
816fd1f12f703f9825eb7c4c307388b5,1,그들이 보낸 상품은 구매한 상품이 아니었습니다.
243204e250173084280239fb8ac74bef,1,"나는 Usebarba 샴푸, 오일, 밤 및 수염 빗 키트를 구입했습니다.그런데 빗이 없어졌어요!!!"
fe97f3949cbc37b9ab48ac5769514cbe,1,엄청 빨리 나오네요
593823b9588a494c8015438b207ee60a,1,완전 좌절
cad07bb1dea448e4277d6bb42be1c1af,1,못받았는데 너무 속상하네요.
00995d799817ecc3bd2abd8fbe59c430,1,한 제품을 주문했는데 다른 제품이 왔어요
b547355b98adcc9a318e3c1c386fc737,1,나는 이미 당신에게 이 경고를 했지만 지금까지는 아무 것도 없었습니다.
dec8f082d09a6365bc6ea5a9eb542827,1,제품을 받았지만 결함이 있습니다. (시계를 손목에 착용했는데 동시에 착용했습니다.) 불만족스럽습니다.
fa86f95c2bce5958b1d9236da9f96926,1,아직 없어요
97a982d424741dfe24bc1ca5d943ad70,1,대기 중.
99777bf515a44dca96a60ac384e333d9,1,커버는 Redmi Note 4X가 아닌 Redmi Note 4용입니다.적외선 센서는 다른 위치에 있습니다.터무니없는!!!!
adedc5c6c400a03abc3701e0bb8015d7,1,젤 필름은 다른 장치에서 나왔습니다.
dc32acbe8d41196887e5d7ac6c2972bd,1,나는 다른 구매자에게 타르가르옌을 추천하지 않습니다.
bd26f79807cb5e17e470195232bf67d7,1,와인 3병 샀는데 2병만 왔는데 이제 싸인한 듯 불평하네요
17c42a761def4a50753277a24c772328,1,충전기를 받았는데 케이블에 결함이 있습니다.충전기 케이블을 바꿔야겠어요.여러 테스트를 해봤는데 케이블에 결함이 있습니다.케이블을 어떻게 바꾸나요?
da7e4fe598c5bcd3fb94f8f32456a6a3,1,"작은 팬, 구매할 때 크기를 보지 않았습니다."
7b5677c6b812459afed4f29edef9debc,1,다 괜찮아요.
6a713ce5b2cfc769104c39775b662625,1,"제가 사용한 날, 이미 너무 얇은 작은 공들로 채워져 있었습니다."
c562f2bc6c997a43b59465ebec4e8d9d,1,사용할 기회가 없었는데.. 다 괜찮았으면 좋겠습니다...
9fce4af6a15c3fa67e2ee1b52839d6dc,1,나의 헬로키티 젖병이 어디에 있는지 알고 싶습니다.
de1f63780a06d4800d094e9875c89ac5,1,구매한 상품을 받고 싶습니다. 수령 시기에 반품하고 싶습니다.
6f30b59ca40f5851d931d146ef6868d0,1,잔디가 없어졌어요
7659a1c749ab19031d8e957692aa114d,1,"없어졌어요, 제가 원하는게 아니었어요, 반품하고 싶어요"
aff8085aa67afd7180c91552d939a4dd,1,"타이어 2개(앞, 뒤)를 구입했는데 뒤 타이어만 받았습니다."
6e5fc24bede0e47389f2042dc5f8473f,1,"제가 많은 기대를 했는지는 모르겠지만, 제품이 단순하다고 생각합니다."
dca954560c94725cbb8402714b1dc7bd,1,게임이 완전히 긁혔습니다. 불만을 표시하기 위해 이메일을 보냈지만 귀하는 응답하지 않고 비디오 게임에서 플레이되지 않습니다.다른 비디오 게임에서 테스트되었습니다.
a9aef39ca580c8bf9b2bc2e2927ee47f,1,그림과 같이 주문했는데 전기 탭이 그림과 같이 올 것입니다......
4817db123f2751c4c12805d5715a51c5,1,"이미지보다 훨씬 열등한 제품, 잔디가 모두 잘리고 섬유질이 느슨해졌습니다 !!!
급하게 사용해야 한다는 이유로 반품하지 않았습니다."
d9f834b712ac280bbbbcd7a3114c240c,1,올바른 흡입기를 구입하지 못한 이유를 알고 싶습니다. 하나를 잃어버렸는데 다른 하나가 왔습니다. 판매자와 대화하려고 하는데 할 수 없습니다.
48ea816d75222e26e37782d2ebe2ea5b,1,"제품의 전원 코드에 문제가 있어서 사용 중에 여러 번 켰다가 꺼졌습니다. 심지어 테스트도 할 수 없었고, 사실 안타깝게도 반품하기로 결정했습니다!"
3f003568147c785083d014edfba38c48,1,매우 나쁜 마무리 추천하지 않습니다
3c2c60ec97f726dbfe5aef326056585f,1,"제품 2개를 구매했는데 하나는 보톡스 수분크림이에요. 수분크림이 섞여서 왔는데, 크림이 꽤 많이 지워졌습니다. 바로 보톡스가 왔습니다."
42a8e0f928664b27f631001fbddf0f26,1,구매한 이미지와 동일한 필터가 오지 않았습니다.
38aae594eaee5a2935d397fd93ca43c9,1,4병이 없어졌어요!
ebba22ddb17ae5e213971c8246de7a47,1,"보내준 글루 좀 봐 달라붙지 않아 내가 싫어했던 제품 
이 똥을 붙일 때 사용하는 접착제의 이름을 알고 싶습니다."
a73de8635a0cb0aee3da3736197f76b2,1,주문한 지 하루 밖에 안 됐는데 어떻게 해야 하나요?
45eea7503e8d5e369d52ecc3cd27a3fa,1,당신은 시간을 매우 잘 지키는 편이에요
614bc59c7d5e038587336616e3198e33,1,전체 주문이 전송되지 않고 일부만 전송되었습니다.
d69c7c969d600368c5f533b188e402eb,1,"그런데 저는 못받았고, 제품을 받은 가족들은 더욱 적었습니다."
f93bdede82a36c75fddda9a509f2298b,1,나쁜
ee55d5ed8f8d07169b07321887d45eb9,1,매우 약한 제품
5e0de5e6b42042ea6e00e3d07d4aef84,1,회사는 어떠한 만족도 제공하지 않습니다.나는 매우 불만족스러운 구매를 기대하고있었습니다.
4de5e476244e0fced5eabc7d26c02dd9,1,주문한 음식이 반쯤 찼습니다.블랙헤드 추출기와 정강이가드를 구매했는데 머리카락만 받았습니다.
b61ef53b312800422111b08cd1619498,1,"깨지기 쉬운 제품으로, 부서진 채로 왔고 처음 사용하려고 할 때 깨졌습니다."
bf122b1684abe6417e2e2eb2ababa7b9,1,아직 상품을 못받았어요!!!
f1b1a53088d15140959d9ed6d98c7107,1,매우 만족합니다. 팀 전체에 축하를 보냅니다.
f8ebdc391ba2950e41dfd4a8385418ae,1,상품을 받고 싶습니다.
cc15ef8448a7506bdcd6eb851c0aea1f,1,제품을 수령할 사람을 알아야 하는데 누구와도 대화할 수 없습니다.
808c4b75909ba91f23c1ef928f396822,1,끔찍한
5c28c78dd8f69a4e10a883d3e39c7ea3,1,필터 하단이 깨졌습니다.
94ed99124b4c0ee155fd9bb057a14c2e,1,그냥 상품을 못받았어요
57e4399c47c85b49ab7fef194b4e14b7,1,안녕하세요. 누가 받았는지 추적하거나 확인할 수 있는 방법이 있나요?
9b7e94b15ccd427e75e425bd24133b2b,1,비
b5fa0328693adeb3be0c29b6912d483d,1,기술 시트에는 폴리에스터 100%라고 명시되어 있지 않았습니다.
b7ef6e87085339d9ef7be05148b8ea74,1,FBFHJJKLI\ZXDAd
6c6f90f3d428175f9e09d7f0d4ac4ed5,1,흰색 시계를 샀는데 검정색 시계를 보냈어요
9fcb5798168a0661c0dec96bf0682e92,1,베이스키트+베이비컴포트 구매했는데 베이스만 받았습니다.
13b7cdafde78bebb404d4dc74c04fb82,1,내 주문이 연체됐는데 회사 직원이 내 메시지에도 응답하지 않습니다.
ea9a48e8b350731ae78378381394a086,1,나는 다시는 가게에서 테이블을 사지 않을 것이다.
89aaf44e5c7771fbdeacb9baa428988b,1,아직 상품을 못받았는데 누구 책임인가요?나는 더 이상 이 가게에서 물건을 사지 않을 것이다.
09868b0eb512bfbbe98900f16d79d055,1,훌륭한
18c3c1366ee83a4162a2eefe7bb66f23,1,나는 이 제품을 받지 않았으며 원하지 않습니다.
31c9a3f10eb368b62e102608adbec724,1,병렬/복제 제품으로 보고되지 않은 제품
7c6a400b3bbaff6cff070e8c6cdd17aa,1,지금은 평가할 수 없습니다. 제품이 게시되고 국내에서 파업이 발생했습니다.감사해요.
99239be2fbdb186e7285b71a4bd782ac,1,"방금 상품을 못받았어요
댄서"
78f48d9a0bb09969516a9fb25e05311e,1,팔찌를 열기가 매우 어렵습니다!
05fcd933547be81890bc4d62357fdf3f,1,제품이 포장 없이 왔어요
9f9b0cf9d794e40cdf1c4cf909d65ca4,1,"11월 27일에 크리스마스 선물로 샀는데 거의 한 달 전이었는데 약속이 22일이었어요.
그래서 하나 더 살 수밖에 없었습니다.
그러니 더 이상 필요하지 않아요."
f79bd0b3bacc5142f90f81a15b4a602c,1,아들 선물로 빨간색 브루터스 트럭을 사서 칫솔을 받았습니다.우리 아들의 생일도 이미 지났고 과일도 많이 먹었으니 이 상황이 하루빨리 해결되었으면 좋겠습니다.
0ce9a24111d850192a933fcaab6fbad3,1,나는 그것을 좋아하지 않았다!I bought a pig in a poke
4035b52134bcb1bdaf305b4671495372,1,마음에 들지 않았습니다. 천이 나쁘고 끔찍했습니다.
b560ced1765e243b3ebf765d80a8873d,1,"3x2.80 커튼을 샀어요.그들은 나에게 각각 1.50x2.80 크기의 커튼 두 개를 보냈습니다.광대아아아아아아아아아아아아아아아아.


1.50미터 커튼을 원했다면 3미터가 아닌 1x50을 구입하겠습니다."
1a358c4ef8c7d066e7e526670d486f3e,1,얼마나 더 기다려야 하나요?
d89d67960e5c163e8afc1d83cf53db77,1,늦어서 속상해요!나는 항상 Lannister에서 구매하는데 이전에는 이런 일이 발생하지 않았습니다.
f5c7fcc9933ae8861462ee79735d9993,1,12/22일로 약속된 주문이 아직 접수되지 않았습니다.
4a3798db024e5f7ec925bd803ec5567c,1,제가 생각했던 제품이 아니네요.
53f4a393eb9126386cfc207f1aa6ac34,1,나에게 보낸 제품이 내가 주문한 제품과 일치하지 않습니다.
d14f47d31b1e3717cd25c3876b276523,1,접착제 1kg이 오지 않았습니다
6a2fc7eef1fbf09f3c5cfae4aaff3bb5,1,"그들은 나에게 암퇘지를 보내지 않았고, 대신 다른 사람을 입양하는데 많은 어려움을 겪었습니다."
208215ef3138230b69b97f3fb415e9bc,1,아직 상품을 못받았는데..
669eb4808ac7fe964a716a368943ddfa,1,끔찍한
bf593abe2928b23b60cee1ff3471a4dd,1,케이지 대신 샐러드 커터를 받았어요
d2709c18f4c1ab5ff4663b1e5a2ea477,1,나는 1968년에 군대에서 복무했습니다. 내가 사용했던 기구들은 더 작았으며 연결 장치들은 훨씬 더 좋았습니다. 열고 닫을 때 칼에 베지 않도록 하는 과정을 거쳐야 합니다.나쁘고 위험한 핏
dd43808dd9194cb01cc2f50bef6092a4,1,좋은 제품입니다. 판매자를 추천합니다.제품이나 판매자에 대해 더 이상 언급할 내용이 없습니다.
081857a1fe99545a55e83b3b1e8a8ce0,1,제 생각에는 고객이 1/2을 달라고 하는데 3/4만 있으면 보내지 말고 보내면 되지만 효과는 같지만 절감 비용이 더 높아지고 좋지 않다는 것입니다.
1b20ddca2df7b609d3847389ab9dae74,1,내가 주문한 향수가 아닌 다른 향수를 받았어요
5a5896dc84244c4c26d3b06c22167422,1,이틀동안 사용했는데 너무 짧아졌어요
14f71e03c472d2b37384b55708ac8354,1,"나는 그 제품을 좋아하지 않았다.수건이 너무 얇아서 건조하지 않아요!!!아쉽게도 제품, 특히 목욕타올을 직접 다루지 않고 온라인으로 구매할 가치가 있는지 생각해 보려고 합니다."
168d3552147af1da6282c46975968c45,1,바구니 중 하나가 지지대 없이 왔어요
86f18e8bfc05ddce85ea8e1146eac6ee,1,아무 말도 하고 싶지 않아
c577af5e9d5dbecf0ac65ff28cb8ad45,1,"I only received one lamp.
어떻게 진행하나요???"
c70fef01838263b8faae59464fd721a3,1,좋은 제품: 기대 이상이었습니다.
bb9e3fdfc33f7fe56fd38f6adacf760f,1,제품을 보유하지 않은 상태에서는 평가가 불가능합니다.
ec91a58a83b62633311320a62097c129,1,주문한 것과 전혀 다른 제품을 받았는데 NF가 다른 사람의 수령인과 함께 왔습니다.
bf99266f91395a536eec2caf09bad879,1,나쁜 가게
bc47e570a3968e7584d8b987f51ce04a,1,미국에서 이렇게 오래 걸린 제품을 구매한 적이 없습니다!
0cee13b4c26d8a1508693a49a3859285,1,제품이 기대에 미치지 못해서 스테레오를 구매하고 케이스만 받았습니다.
cc7a01248e3779979631ce8dea5c8292,1,스타크는 더 이상 예전의 가게가 아닙니다.지금까지 정보 전달이 어렵습니다.무슨 일이 일어났는지 알고 싶습니다.
6066fbcebeaf378770ad9fbe8e30d1f0,1,저는 온라인으로 많이 구매해요.그리고 난 이거 못받았어
b459355536a8e3dcec10c0a4ea6f9f86,1,똥
a63dc2ae83b911134a651fb6fbef3f8a,1,"나는 초콜렛 유청을 구입했기 때문에 그 브랜드를 알고 있었는데, 그것은 아주 좋은데, 딸기 유청은 터무니없이 나쁘다.끔찍한 공식, 나쁜 맛, 희석되거나 혼합되지 않습니다!"
e151e57b4f9e794ebddd2ac390d0ba99,1,약속한 것을 지키지 않았다
81c53fd7fc60655da24e455974b880ce,1,사지 말았어야 했는데
938c8cbe289e7aa04f8eb3221cf19574,1,나는 이 회사를 누구에게도 추천하지 않습니다. 그들이 의무를 이행하지 않았기 때문입니다. 나는 그들에게 매우 속상합니다.
83f40343811b7a7641af81d74e1a7875,1,"유리에 흠집이 나서 온 시계
제대로 포장되지 않음
완전히 불만족스럽습니다. 상품을 반품하고 싶습니다."
cd81ba816ce2aa9e8c681c321ddf0a22,1,"선반 조립시 부품이 서로 맞지 않고, PVC 튜브가 불규칙하게 절단되어 있습니다.."
dba28a189fd1425d68f33018e1d88808,1,안녕하세요. 안녕하세요. 아직 구매한 상품이 1개 남아 있습니다.
2d13948675eb090c15d5f89f0a98145e,1,노트 10
faf1b809401b186ca28936c3e1cb07aa,1,내 제품이 어디에 있는지 알고 싶어요
3d9b458bd64047cef13d3c849d378dfc,1,"자수 부분이 완전히 변형되어 있고, 구멍이 큰 것도 있고, 막혀 있는 것도 있고, 모두 불균형입니다"
2b73fdaa269a7411454b64fea202acfe,1,항상 받았는데 이번에는 안받았어요
355a4f037048ba07c6bc1b564d6a8448,1,"완벽한 제품을 받았습니다
감사합니다"
5a72aaf4a78a5e2b0ba132b0e9c21fb1,1,끔찍한
777f086f57e89ea16f5b49fbcb4a34a0,1,원산지가 의심스러운 제품으로 라벨을 읽기가 어렵습니다.
e3ba5747e5730389e76a7d30694beeff,1,"전기 펌프가 내 기계에 제대로 맞지 않았습니다 

참고: 반품하고 싶습니다."
db6b63568221b91ede8c733e175bcb0f,1,리몬첼로 이탈리아노 프리미엄 코포 제품 700ml 한병만 받았어요
33c72b5830923cd768fa76c738f6d402,1,그릴 지지대는 훨씬 더 얇고 깨지기 쉽습니다. 그릇의 여러 지점에 용접 자국이 있어 마치 폐차장에서 만든 제품처럼 보입니다.
478f2ae691d27c91c581c47b8e9f61d4,1,아주 조금 나오네요. 한 번만 사용하면 사라집니다.
017b84f6bee0e4287eb8a8c9f5df549e,1,많은 키스
0ee83875134e649fc7cc3b867c337bee,1,26일 동안 운송 중인데 지금까지 아무 것도 없었습니다... 스타크의 의사소통 시스템이 매우 어렵다고 생각합니다. 불만을 제기할 수 있는 더 쉬운 방법이 있어야 합니다!
ea677a4ea5963b5e28cab998b15f69a7,1,끔찍하고 매우 작으며 관련이 없습니다. 제품을 추천하지 않습니다.
cf82b80e79a66336306b0c6c151f64ef,1,아직 상품을 못받았어요!!!
f44bd380c9a5926518a4714089e68c89,1,테리 타월을 추가하면 그럴 수도 있고 아닐 수도 있습니다.
b422d4bf31b728380653b1ce72e011b3,1,우수성으로 완성
867318eda451a721d23a5e0fbc82fcc9,1,자료의 일부만 받았습니다. 이 문제를 어떻게 해결합니까?
ad829c3ec314b40679b5cf05f1f27025,1,우리가 구매하는 이유는 Lannister에서 제품을 구매한다고 착각했기 때문입니다. 파트너와 함께 있다는 것을 알게 되면 너무 늦습니다. 이 파트너 사업은 종료되어야 합니다.
4d2e2634819452adb3313ccb5abd344f,1,도난당했습니다. 이미 이메일을 보냈지만 지금까지 아무 것도 없고 나에게 응답하는 사람도 없습니다.
686c017e3f991d5b96cc80cfb89d7d4f,1,보호대는 그냥 플라스틱이에요. 나는 그것을 좋아하지 않았다.
56d1fb4a6598e5323822ae47a4d14c9d,1,구입한 제품은 HDMI 케이블이었으며 VGA가 함께 제공되었습니다. 나는 변화해야 한다.
fe5cf33c8006e3a98776622acb39c9fe,1,Iphone 5 6 7용 라이트닝 소켓이 있는 충전기를 구입했는데 이중 USB를 보내줬어요!!! 나는 그 가게를 추천하지 않는다.
25cbbd756ea300d0566add5ebb8b3a25,1,매우 나쁩니다. 추천하지 않습니다.
73a8ed1078e1d475d2b1fb7216a52e1a,1,"반품하고 싶은데 하나 샀는데 또 하나 왔어요;;
나는 돈을 돌려받고 싶다."
9f88232659bf1587e06ac5ab1aa2d62a,1,어떻게 진행해야 하는지 알고 싶습니다.
f9b79ac2c05f12bab607bfe35b4a2ad2,1,안전벨트를 매는 곳이 없는 제품이 왔습니다. 구매 당시에는 미개봉 상태로 오며 소비자가 집에서 개봉해야 한다는 문구가 없었습니다(제품 손상 위험).
de12dbe60407b7c1345da3392016d45d,1,제품을 반품하고 싶어요
5a43808d42753320e279399cef4c3282,1,테디베어를 샀을 때 테디베어 색깔도 물어보지 않고 핑크색을 클릭했더니 파란색이 와서 추천하지 않습니다. 그리고 지금 나는 여자를 임신했기 때문에 돈을 낭비했습니다
c2ff08c0c7d631b32eb1040d9fb73161,1,"그들은 상품을 올바르게 보내는 데 신경을 쓰지 않았고, 단순한 봉투에 들어 있었습니다."
1f1eea532cdd1978a4a9438a5373ebca,1,제가 한 가지를 주문했는데 더 낮은 가격에도 다른 것을 보냈습니다. 결국 그들은 나에게 이것에 대해 상의조차 하지 않았다...
bb01b380d61941aa0f175614b3e62dc6,1,판매자에게 반품된 제품
746327966e37217c499ecfb3caedf658,1,사양에 따르면 제품은 Sony Z3 Plus E6533용이지만 함께 제공된 필름이 장치의 전체 화면을 덮지도 않습니다. 이 제품은 심각하고 오해의 소지가 있는 오류입니다.
c09b04d29fbb1982a8af49b8ada809e8,1,오류는 없는데 이제 어떻게 해야 하나요?
ae375d6b88c37582455ff3a2b83462d4,1,망치다
8e3d51628005e70bce8a2fc5d9c34564,1,저는 길이가 각각 5m인 남성과 여성의 USB 케이블 3개를 구입했습니다. 두 개에는 결함이 있는데 Windows에서 이를 인식하지 못합니다.
ea9698a810cde28c3c7a480eb46780ba,1,다른상품도 알고싶습니다 3가지 상품이 있었어요
24fc5bee7d0b2002195bd802dda62f89,1,남성용 스케이트를 주문하면 여성용이 왔어요
3e209a35ca9fb429434e538d9a015df5,1,내가 받은 테이블은 내가 구입한 테이블과 비슷하지도 않습니다. 동일한 유형의 제품을 고려하는 것조차 불가능합니다.
1439b7c45e6b3497e1d86582382ec326,1,"3/28일 현재까지도 상품을 못받았습니다. 제가 그것을 받을 수 있을지, 아니면 돈을 돌려받기 위해 소송을 제기해야 할지 모르겠습니다. 이것에 의존해야 한다고 상상해 보십시오."
34b5c4f2b088c66075f85fc2291cfa06,1,커튼이 없어진데 파란색 커튼이 이미지와 달라보였어요.. 여기 고소인에게 고소장을 열겠습니다
fa534840c9b5b3a7052a37a863ea1790,1,아름답다고 생각하지만 너무 작습니다. 쌀 한 봉지에 맞지 않는 쌀 냄비는 어떻게 만드나요??? 많이 남았습니다. 다시 가고 싶습니다.
4f72b49b048975b1160ded0b1237e5e1,1,"그것은 방수포처럼 보이며 ""커튼""의 일부만 함께 제공됩니다."
fc74153e0ac39bb68c8f8f9e4758f001,1,끔찍한 서비스!
2baf80a0f30b1660ef1d0653314c04dd,1,커튼과 러그가 없어졌어요
2787b157e624680cffc26163900e2543,1,이미 오픈한 상태였기 때문에 받아보고 비축해 두었습니다. 알고보니 사용하기 시작했는데 계속 새네요. 기존에 가지고 있던 향과 똑같지만 지속력이 너무 떨어져서 의심스러운 제품이에요.
0e2783bb1c680d7ff6b56a267982e44f,1,제품이 끔찍해요.
a748ecf209b624243632301df6c0fb6b,1,"라니스터는 자신의 이름을 지켜주는 파트너 회사를 선택해야 하며,"
445aaad4cce346818af0ce07050bf4fa,1,에어컨 컨트롤은 코메코에서 구입하고 메이디에서 받았습니다.
1c01393da2894cbd6b7225c45425ebf2,1,"구매하는 사람 모두에게 분명해야합니다. 
해당 상품은 레플리카 상품입니다!"
0a0ae6383118ebd8939e7d18c5dda408,1,발생한 일이 만족스럽지 않습니다. 해결책이 있기를 바랍니다.
d47efef4161e33638c14122a723fd9fb,1,포장을 엽니다. 상품을 받기까지 1달 이상 소요됩니다. 이 상점에서 구매하지 마십시오.lannister 부정적인 의견을 게시하십시오. 왜냐하면 내가 상점을 추천할 때 게시할 것이기 때문입니다. 그렇지 않으면 당신은 그렇게 하지 않을 것입니다.
3a4d49c9ef72a561be7ce1df8d7493d0,1,커버는 완전히 손상되어 지워졌고 모서리가 찢어지고 완전히 결함이 있었고 필름이 화면에 제대로 맞지 않았고 크기도 더 작았으며 두 제품 모두 끔찍했습니다.
6f8b0c86311ec8c9e1558eff54965728,1,"글쎄, 나는 32g 카드로 가장 좋은 261.00 레알의 제품을 구입했습니다. 그리고 그들은 나에게 최악의 상황을 보낼 것입니다. 그것은 140.00 레알이었고 16g 카드와 함께 제공되었습니다. 간단히 말해서, 이 개자식들.!!!"
1ce0d4e564057882e017216607a2c196,1,드라이버에 관해서는 매우 최신이지만 내 PC에서는 인식되지 않습니다!
34688497162fbb53b24e10738f912fa4,1,제품을 추적하려고 할 때마다 추적이 불가능하기 때문에
bbec0e8ff27f20abbd5b2fc0ab8a82c6,1,사용하기 전에 호스가 터졌습니다.
a43da589ba6d3c9eb959a36699088162,1,"메이크업 브러쉬 케이스를 샀는데 가게에서 머리 자르는 가위를 줬어요.
끔찍한"
1b34f3de23ae790473c7e4ef6ac0b1f1,1,사양에 맞지 않는 제품입니다.
53bfe1a75c6a15a54e6452b167689ef4,1,"끔찍하다, 바꾸고 싶다"
248065388c27d5287020c4ff60183298,1,나는 내 제품을 원한다
17a64f4aa50ee9ab751db1cfb720776f,1,포장이 맘에 안들었어요
191fb3bcee4d4df8099e3f29d9ff8197,1,온도계에 배터리가 새고 있어 켜지지 않았습니다.
f297a4839c7100e94430c5d42f555bab,1,수건이 너무 얇아서 추천하고 싶지 않습니다.
736781fe643ac5d2d2b468bcfe193adc,1,강화 유리의 Baseus 3D Arc 필름 Galaxy Note 8이 iPhone SE에서 나에게 전송되지 않았습니다.
19eb93c45881950fa631d29cd96bdb56,1,시간이 많이 걸립니다!
f7fde4811e5d7df0df4f46e475c4d752,1,나는 내 제품을 정말 좋아했습니다.
6e15b44afc42ba31c4eb67e967a3bf4b,1,"테이블은 판자에 결함이 있고, 다리는 막판에 칠한 것처럼 보이고, 다리 사이에 있는 두 판자의 크기가 다릅니다. 나사가 없어 16개 중 8개가 왔습니다."
a0926696307e88c39cc2fc46ebc9cee4,1,"여러분, 저희는 토요일에 제품을 받았고, 어제 조카에게 크리스마스 선물로 전달했습니다. 오른쪽에만 스케이트 한 켤레를 보냈습니다. 조카는 벌써 많이 울었어요"
69d838677089d135b38310ff74779901,1,켜지 말고 불을 켜세요.
c52c7fbe316b5b9d549e8a25206b8a1f,1,영
5128a1fb5fd9f44d87fc13d784b3b9b9,1,나는 항상 쇼핑 시간을 보냈습니다. 홈페이지에서 제품을 볼 때 비닐이 아닌 천이라는 느낌이 듭니다.
85ffc5039512a0157a7c1f285bad1341,1,킹시트 구매하고 베갯잇도 받았어요!!
1fbf181e068d25051390f9f53d45ce0d,1,나는 아직 그것을 사용하지 않았습니다.
a1e313e06320d5c725c2ba02d0cf5be2,1,지금까지 Jeep Renegade 센터로부터 청구서를 받았을 뿐이고 Jeep이나 Elantra 센터에서는 청구서를 받은 적이 없습니다.
28744e7a534028309c1d21455f676752,1,"성 베네딕트 메달은 오지 않았고, 체인에는 빈 접시가 함께 왔는데, 안타깝습니다!"
c27718d838f42d07a94941a8d34843e4,1,좋은 것 같은데 아직 사용은 안해봤습니다.
6851d4a26dc9bdbce52550f0c68d61ff,1,청구서를 제공하지 않았으므로 권장하지 않습니다.
47f94daa7c25c51ecaab4744c6025f2d,1,나쁜
55b2ad4123def9f023f3196c460badca,1,거의 1달됐네요
1b025e1c2a64571df27e2229bcfe74dd,1,제품이 벗겨졌고 지금까지 응답이 없으며 부끄러운 일입니다.
f92b34d1e66d16dfe85adfbf914dee86,1,우리는 lannister.com만큼 평판이 좋은 네트워크가 그러한 회사를 파트너로 두는 것을 허용할 수 없습니다!!!
a87e931eec5702ceb837f15fdcf39684,1,받자마자 평가할 수 있어요
8634624f436e04b1667aa4299a7b026b,1,하이네켄 접시 두 개를 샀는데 전혀 다른 날을 받았습니다
f64c7fd99793f1416dea0acbf3d9892f,1,"의자 바닥이 좌석에 맞지 않았습니다.

뭔가 아쉬운 걸 남겼어"
b81fc2a4875952a72ef06b533847377e,1,"이 제품은 다 삐뚤어져서 왔는데, 조각의 피팅이 계속 옆으로 흔들리고, 케이크가 떨어질 것 같고, 단단하지 않아서 너무 싫었어요!!!!!"
4d73a326dfc780a0a459f4ca37111749,1,"빨간 팝콘팬이었어, 신자는 아니지"
a88fed0457fca64ff6996a284e38c63d,1,제품을 반품하고 싶어요
e7744f6b47fb7de31a60035c997d3956,1,문제가 공급자에게 있는지 운송업체에 있는지 잘 모르겠습니다.
67e2354f0dc001f2851fe42d58085f55,1,구매한 상품을 받고 싶어요
afaf7af5b20257063f84ff0cafd16820,1,램프를 사용한 제품인지에 대한 정보가 없었습니다.
768a46b77a2e365b60de87041473343c,1,"가치가 없음, 기대에 훨씬 못 미치는 제품"
1593fc1496428113d1e3ed901f14e05e,1,훌륭한
fd4109dbc7f1afb126fbcac13ec4f5b8,1,"제품을 구매했는데, 제가 지불한 제품과 아무런 관련이 없는 다른 제품을 보냈습니다."
579997e88b2563ab8a3f3d6f5022a8a6,1,제품은 매우 가볍고 작으며 매우 민감합니다! 나는 그것이 원본인지 확신할 수 없었다고 고백한다. 박스에 들어있지 않고 비닐봉지에 브랜드가 인쇄된 벨벳 커버에 들어있어요.
eee612addb28b4837f3a8d9ce54e31f8,1,Targaryen 회사는 제품을 판매하지만 그것에 대해 아무것도 이해하지 못합니다. 언어치료사를 보내세요.
1929b9b60df702da58751db8fb70145a,1,흰색 수건 20개가 들어있는 키트가 없어졌습니다.
201183426051cfc62c56f2414b2480e3,1,애프터 서비스가 없으므로 구매 상태를 알 수 없습니다. 끔찍한 판매자.
005d9a5423d47281ac463a968b3936fb,1,아직 상품을 다 못받았어요
b048658d074ad2c4863ea7021ddfe990,1,트레이가 안정적이지 않습니다. 최소한의 노력으로 회전하는 단일 중심 축에 의해서만 유지됩니다. 플라스틱 패스너. 조이기 어려운 나사와 너트. 매뉴얼이 없습니다. 제대로 포장되지 않았습니다.
d94600e5b855ffe8db3b9bc06e21b1bd,1,제품은 이미 사용된 것처럼 보이며 모든 것이 더럽고 긁혔습니다.
d9e5305b48eff370ffafa031d6027518,1,나쁜 가게.
782e3d360043ba18b527832597a53543,1,담요만 받았어요. 다른 것을 받기를 바랍니다.
661620f1b2ab6bd136e9566f2188c215,1,"시계 2개가 포함된 상품을 구매했습니다. 나는 노점상 수준의 아주 약한 시계만 받았고, 상자에도 없고 천 가방 안에 들어 있었습니다."
81279a15416799e6580df60f66760a7b,1,제품이 수신되지 않은 경우
2c2f2d6f669b78caed39af3e63a5439e,1,수익금이 모두 전달되지 않았습니다.
94c753ff371f05e68a157809f9cda46d,1,받은 제품이 지정된 사양을 충족하지 않습니다.
8778337fbf343f1a56219ea3aa28a87a,1,"올바른 제품을 받기 위해서는 누구에게, 어떻게 불만을 제기해야 하는지 알고 싶습니다.
고마워하는."
063dda01b3489ce5f3bc164801e6e3e9,1,상품이 연체되었습니다.
9067ce8fd351c50adbb59319b9ef50d8,1,매우 얇은 원단으로 상자 안에 머물지 않고 매트리스를 움직일 때 미끄러집니다.
333977327b5c548879a21a3b1fc87c48,1,내 돈을 돌려받고 싶어
657938f6cc6b388ef70d756aeeda75a9,1,제가 라니스터에서 구매한 제품은 아니고 HDI 연장케이블 2개를 받았습니다.
08f5487befe25744feabb3203a4dc09b,1,구입한지 2달이 지났는데 아직 제품에 이상이 없습니다. 정말 끔찍해서 추천하지 않습니다.
92cd4be4e992be4ab03304531ce6c5f9,1,"그리고 매우 혼란스럽습니다. 제품 3개를 구매했는데 Sertões가 별도로 오는 날, 별도의 날짜에 오지 않았습니다."
4894ab6596d70a7721324f6ecb314e55,1,주문하지 않은 물건을 받았기 때문에 반품하고 싶어요
8413ac0b09301d03b78adeca5840866f,1,제품이 기대에 미치지 못했습니다. 약속한 대로 이행하지 않습니다.
73458aad836a51a5e37323b7cefc54fc,1,아직 제품을 받아보지 못해서 추천드릴 수 없습니다.
57caee5837cc4a8f605f3a83bff208db,1,아직 포장을 뜯지도 않았어요!
a02898dcd7117b317f28c8de4cb9af61,1,온라인 판매에는 구매하는 사람에 대한 책임과 존중이 필요합니다! 아주 나쁜 판매자! 나는 그것을 좋아하지 않았다!
4db6394e792193904621c7cab3e2120f,1,좋은
d30ebaf399ed0c5ec1cc71ed36c0dd68,1,모든 것이 합의되었습니다.
a43bf41cb94b07041262735892521605,1,01 라디오만 받았고 02가 포함된 효율성 키트만 받았습니다.
6b37f541eb6753f5383147a84d419d11,1,"끔찍한 상품입니다. 가위 중 하나가 손상되고 무뎌졌습니다.
나는 그것이 긴 과정이 될 것이라는 것을 알기 때문에 그것을 돌려주지 않을 것입니다.
그러나 나는 매우 불만족 스러울 것입니다!"
2d28eb893fa75595ccee7c92df0d7ce2,1,"화면보다 큰 휴대폰 보호필름을 받았는데, 보호커버는 아직 못받았어요"
d5bd26cb62e49fde71c09ef5039cf2f6,1,의자 6개를 구입하고 4개를 받았습니다.
eb31fdfb332cea92e0b75fbe92b0a1cd,1,상품이 생각한 것과 다릅니다. 너무 작아서 반품하고 싶습니다. 아무것도 보이지 않습니다.
019543c0de8386be97738b589ee695aa,1,재고가 없는 상품을 선물했어요
a00f891df81b2ee87c6c5eb73c81c571,1,케이블 길이는 3.5m가 아닙니다. 최대 1.5미터!!!!
f8be452a84b539d25445efac063ac421,1,안녕하세요. 원래 필터를 구입했는데 병렬 장치 2개를 보냈습니다. 옛날에는 찔러서 돼지를 판다고 하더군요.
651d23074e72bafaefb84f47ace1b9fb,1,끔찍한 서비스
cf082b2bb0204ce0ba54ba584cbd3fd4,1,"재고도 없이 상품을 내놓고, 내가 광대라고 생각하는군요!!!!!"
aa3e939d90791cb80173b38e4faf79a1,1,의자 2개를 구입했습니다. 하나는 파란색이고 다른 하나는 녹색입니다. 녹색 의자만 주어졌습니다.
67bc7ff7cf5396dc164d5d3c3d251760,1,나는 받고 싶다
37171240b533064451dd9e3f15e36c9e,1,장갑을 두 번만 사용했는데 장갑이 완전히 찢어졌습니다.
cc0a676b66d4a6615ad8125548b44d12,1,사용불가
2194d1dc5f73fad748d7a90fd673291d,1,MDF가 손상된 컨트롤 홀더를 받았습니다.
9a20d02245abb1a63e3ab97e32ea2274,1,병뚜껑이 닳았거나 제대로 닫히지 않음
68b4e818c05f12bec3a76417829c2846,1,의자는 예쁘고 편하지만 다시는 사지 않을 것 같아요.
822a35d3573cb3c90167aa647a7a6e63,1,좋은
75c493c31566f1a5d15fb9d248d5e4a4,1,내가 구매한 제품은 어디에 있나요?
56773c6296d19876ac496486dcf2d566,1,나는 다시 사지 않을 것이다
9583044d94d7eef1547cdcefb0c8f611,1,영수증을 하나 더 샀어요
93b9173d182af83f59074baf05d8c13e,1,상품을 못받았는데... 결제가 되었어요!!!!! 나는 이 가게를 추천하지 않는다!!!!
bfb022f17ef48196bf7cda1a9a437517,1,제품에 결함이 있습니다.
d8460f226ff46cc80847aa244ac3d478,1,영화는 완전히 파괴되었습니다.
6ef0679f937afb1cb20c8cab157f6f9a,1,duosat 트렌트 컨트롤을 구입했는데 병렬 컨트롤도 함께 제공되었습니다.
0713892246596f649555ebebe57a9a7b,1,그들이 나에게 준 제품은 TV에 나오는 것과 다릅니다. 왜냐하면 그것은 그것과 아무 관련이 없기 때문입니다.
2e69009ed3ebd65c2e8188a8d7e8c0eb,1,독창적이지 않은 것 같고 냄새가 참을 수 없습니다!
2c494cef88b908df152b7d6d69c8beba,1,나쁜 서비스
d0c3c2b7f8194da48a7f9954d79fa2e6,1,승인하는데 시간이 오래 걸려서 마음에 안 들었는데
1a5800523e4a42619420e13b49c522b6,1,지지대 부분이 빠져서 조립할 수가 없어요
f637db9f107a517712822ef3c44024aa,1,나는 그 가게를 추천하지 않는다.
92636fba2bec02c660ed866c0ab6f4bd,1,"안녕하세요,
살균기만 받았고, 베개는 못받았어요.
게다가, 소독기는 개봉/찢어진 상자와 함께 제공되었습니다."
39a0e2f723def2e12a51e963006c9242,1,내 제품이 올바르지 않습니다. 불만족
8707527cd8dca1dbc51f8f4d188b4e80,1,그만큼
ef4e75686c79d2eb0f53648928f9add9,1,제품이 포장되어 오지 않습니다
c2d3596a04c210110354bc6e84240658,1,"아 안경이 깨졌구나, 핸드폰도 안 들고 있구나!😞"
364b5f3b94152788007c68501e6c79b9,1,훌륭한
3a221cd6b7d813e2b6cf57339f37a062,1,"내 주문이 우편 서비스 운영 부서에서 발생한 화재로 인해 영향을 받았습니다. Lannisters는 아직 이 사건에 대해 언급하지 않았습니다. 새로운 주문을 보낼 것인지, 나에게 돈을 돌려줄 것인지 등에 대해서는 언급하지 않았습니다."
23c6b96eb0aa6024129f306af7befe3e,1,Hp122 프린터용 카트리지 한 쌍을 XL 크기의 원본으로 구입했지만 인쇄되지 않는 검정색 카트리지를 받았고 프린터 기술자에 따르면 원본도 아니고 XL 크기도 아닙니다.
c714dc1b4064a670401d208c1f67e7e1,1,15.6/인치 노트에는 맞지 않습니다.
de0d2b20f954a9610c624bd2706ca857,1,나는 내 제품을 원한다. 한달 넘게 주문했는데
1aeb7327979c2a19b8f80b9df367d99f,1,블랙프라이데이에 제품을 구매했는데 아직도 못받았어요!
6c42561edb555b388b19e7bd2abb27b5,1,상품을 못받았어요..
97a93af6088a39c8691e3aa4f63bcb2b,1,Hoviables
483a06928959b498933c3b7efe98a755,1,"완전히 부주의한 제품 포장, 어떠한 보호 장치도 없는 섬세한 제품."
9e119efc7690fb6c238eca967793fd34,1,"내 제품이 바뀌었고, 다른 사람의 제품을 보냈습니다."
24b5077ff1a5cfb489ffaf2a6ae71f43,1,구매한 상품과 다른 상품이 왔네요
4065c0062f606b943e2fef1d5454ce80,1,3/19까지 상품을 받기로 했는데 오늘(3/23) 못받았는데 이유를 모르겠습니다.
81710e0039b0dcda11c1f114e3dda5cf,1,부정적인
b7bea96258b9caf5e97816fe944b2971,1,조립이 어렵습니다. 일단 조립하면 용접이 아닌 나사로만 조이기 때문에 견고하지 않습니다.
07242ddf6ad8487cbbb700fd9ca45906,1,나는 내 제품을 원한다
27a9505321037616d2e112a11760adcd,1,제품. 버블랩에 싸여 왔어요
1da5fa1f1507745c40e2aefe0b6941e7,1,원하는 것보다 훨씬 적은 제품.
3f2502be2cb245c8c7ca170ddf39465b,1,농담. 나는 다시는 이 가게에서 물건을 사지 않을 것이다
1751f4e14a08d5188324c3a04175f76f,1,시계에 결함이 있어서 교체하거나 수리해야 합니다.
62e5680786ab7eb90e8129db68366952,1,남녀공용으로 주문했는데 여성용으로 작게왔어요
eddf1b58726e1b53c010f681422195fc,1,삼성 갤럭시 A5용 내장 배터리를 구입했습니다. 내가 받은 제품은 내가 구매한 제품이 아닙니다.
050c064324e4ea0fd891e928b776a24a,1,매우 얇은 수건.
dd028c5dfd0ae2d44370c0fc1ca82e19,1,상품이 마음에 안들었어요
d2963c58df9137ef973abf2f3a8c634f,1,나는 그것을 좋아하지 않았다
c4c40026e751f9603f58fa3b332c937b,1,14인치 노트용 커버를 구매했는데 더 큰 노트북용 커버를 받았습니다. 구매한 제품은 어떻게 받나요?
e7fc47a9bd5fd8c1d1b566d1553be0f4,1,재고가 없으면 구매할 수 없습니다.
d351ad232c9e018edafa9f34f5d03e63,1,제품이 구매한대로 오지 않았습니다.
adaf9c2200eccede886e041415e89df1,1,내가 기대했던 건 아니었어
df537c849af44beef86a7ef7de12126a,1,이 덮개가 제대로 맞지 않습니다. 나는 그것을 바꿀 수 없다.
43b2b04bc7aba79e72acb260d116466b,1,"요가 매트로 판매됩니다. 비록 그러한 연습을 위한 최소 크기는 아니지만, 가치 있고 소비자 권리를 존중하는 사람들이라면 제 돈을 돌려줄 것입니다!!"
2823b5160c0166f3c0d1ea00cc519c7e,1,127v 사서 220v 받았는데 이제 바꾸는게 번거롭네요!
9fc1497693771a80bd64e4226d7e9b74,1,여러 가지 결점이 있을 거라고는 상상도 못했고 제품도 마음에 들지 않았습니다.
5b8b540b5934e4af4790f609af380cf8,1,아주 나쁜
7a2c8013c9c8e38f617beace0522b596,1,나는 그 제품을 좋아하지 않았다. 매우 약하다. 그럴 가치가 없었어요. 제품을 포장에서 꺼내면 다음날 더 이상 냄새가 나지 않습니다.
e1320973675a5fc37fab54cb22c582ab,1,올바른 포장이 오지 않았습니다.
1619ac7c95b1d3968cc98be483959b2c,1,낫 향수
9dbf98463571bd46e501a18aa7c2899a,1,좋습니다. 8시 반을 추천합니다.
8932f7d67eec4b3ed9a4d5ae0b30e06a,1,문제를 해결하고 혼란을 최소화하기 위해 반품을 기다립니다.
793600b6f83c44827bd1d480fbde321f,1,약속한 것을 이행하지 않는다
a85ad381ff410bb40159e498feb30a13,1,"예상보다 낮은 제품.
나는 그것을 돌려주고 싶다."
af7de7cc75eb2f7d0eff2e383eccf083,1,끔찍한.
bfd6463a3d508931213215b96d69f5b7,1,늦은
6a022aedc6fb8597eddd4b1ed70d14f7,1,난 댓글이 없는 걸 선호해
6605d4026bc07926d30228dc4de3f89c,1,"아직 상품이 한개 남아있는데, 당일 다 구매했는데 계속 하나둘씩 들어오네요."
09df42b3e78625578555d3d48cd57be5,1,"필름에는 아마도 제조 과정에서 발생한 것으로 추정되는 여러 개의 원형 표시가 있었습니다.
나는 그 영화를 추천하지 않는다."
4c9765e8d244352198202cf29ffee005,1,01개의 상품만 받았습니다.
a3b12c57a19ac7a13e56c2387b30054e,1,나는 의견을 제시하지 않는 것을 선호합니다
7ee39ad7cefae28934df87c631928f88,1,나는 말할 것이 없습니다. 단지 당신이 고객을 원하지 않는다는 것뿐입니다. 왜냐하면 당신이 고객을 소중히 여기지 않기 때문입니다.
f06c19bf3191f1d176e8a11472b8f156,1,실리콘 필름은 제대로 붙였는데 readmi 4x가 안맞고 모서리 부분도 안붙고 첫날 주머니에 넣었더니 헐거워져요...돈낭비
c276a6bf017d697f864fa8b703ce1b36,1,나는 내 제품을 원한다
3fe0550ff13606fe21abb5e1fc426a20,1,"제품을 구매했는데 다른 제품을 받았습니다
나는 돌아오고 싶다"
ed35f59756edecbfcefb866146f00905,1,"컴퓨터 2대를 구입했는데 그 중 한 대에 결함이 있었습니다.
02개의 불만 사항을 열어도 바라테온이나 타르가르옌 모두 내 불만 사항에 응답하지 않았습니다."
2fc93d1386aaa543bacb4733abd6d796,1,매우 늦었어
fb2396a74aaecef7121159fc69a5a7d9,1,내 제품이 어디에 있는지 어떻게 확인하나요?
061304e42542425c8ff0be14d03126e4,1,책임없는 파트너십
4888d985060eb4760da7373673343df2,1,상품을 구매한지 오래됐는데 아직도 못받았어요. 시간이 많이 걸립니다.
ad9808903b2bcf5408a3de11489ceadd,1,"방금 제품을 포장에서 꺼내서 사용하러 갔는데, 방아쇠가 부러진 걸 발견하고, 다 젖었고, 게다가 제품이 들어 있던 내부 포장이 열려 있는 것도 발견했고,"
314277faca3df2b7c0def6499dc16867,1,평가할 수 없습니다. 무슨 일이 일어 났는지 모르겠습니다!
8c6a3fab1ed272b02f23bb7dc9061d9a,1,나는 두 개의 동일한 솔레노이드 밸브를 구입했습니다. 수량 2(2개)로 동일한 상품을 결제했습니다. 밸브는 동일하지만 나사산이 다릅니다. 하나는 피치가 NPT와 동일한 BSP이고 다른 하나는 피치가 더 큽니다.
6597e9dbbb1d813a8807828870c2a0ba,1,맨 아래
5fdfdf9c7e10eb512c9ba20fdf28e632,1,나는 CHILDREN'S SWING을 샀고 그들은 나에게 접시와 함께 남색 커피잔 6개를 주었고 상업적인 가치는 전혀 없었습니다. 오류를 인지하지 못한 채 패키지를 열었습니다.
9574b288490bcda13e1fd8f75a319bc3,1,아주 나쁜 카메라
fcf3478bc90a1b2e214d529d0455dc1e,1,의자 등받이의 천이 찢어졌기 때문이죠.
e8cab458223cfed14e73ea0d7fe1a511,1,코스 시작하려고 샀는데 선생님께 가져가서 평가했는데 가위가 열리고 닫힐 때 딱딱해서 한마디로 결함이 있고 결함은 키트에 들어있는 가위 두 개에 있어요 돈
562f45bf4a946810053214c29d752e85,1,일반제품
5a9fabac5b438a92c01b25131de9f71c,1,나는 이 가게에서 쇼핑하는 것을 좋아하지 않았다
4d1169dbb1880a13338378683225356b,1,"Nao veio junto com a encomenda o de montagem, quando se monta a casa devesse cuidar para não mexer muito, porque ela desencaixa facilmente. 단단하게 고정하기 위해 나무 접착제를 구입해야 했습니다."
02b0bf9164ac7753f9880e46dba17f6c,1,80cm 외부 HD 케이블을 구입했는데 50cm 크기의 케이블을 보냈고 게다가 메모에 케이블이 80cm라고 나와 있습니다!
6105e65ffe6d1531ecb3b8f42e1b0840,1,LG K10용 커버라고 표시되어 있는데 제 커버가 너무 작아서 커버할 수 없었습니다.
25f1a44846759c52334309da493877c6,1,우리는 거짓말의 나라에 살고 있습니다. 브라질. 의심? 그런 다음 국기 중앙에 적힌 문구를 읽어보세요.
ee43fa4abdcd5f9e2c4ab7f972628c3d,1,나는 매우 불만족 스럽습니다!
672b229b951f5c0e6a574808b406bd53,1,"가격을 생각하면 피규어는 도색이 될 줄 알았는데 주로 주방용이라 기름이 많이 묻어나는데 냄비에 종이 디자인이 붙어있어서,"
cefe510f726c2a8d6a5f0a8a515ebf50,1,투명케이스를 샀는데 알록달록한 마멋이 왔어요.. 어이없네요...
c5b5ab085f7990b385bdef3b27b2df1b,1,"본 제품은 홈페이지에 명시된 IRON GYM 제품이 아닙니다.
나는 돈을 돌려달라고 요구합니다."
18f4178d9b3c33fa79c1a0d5eb214023,1,아직 2개가 대기 중입니다.
55b349a50313d39611dceb2a3b0d4f11,1,구매한 상품과 다른 상품이 왔습니다.
1acffcfbb35247b9d15611ce0fe50460,1,노노노노
63b5c97d11e1acb173143262a082abea,1,선언할 내용 없음
d242fb417c35b6973c20dfab0514f8a1,1,"나는 제품이 마음에 들었고, 정확히 내가 원했던 것이었고, 내 서비스 지역에서 매우 좋았습니다."
341ec2709ac1eea8f492c24d31a06942,1,내 제품에 결함이 있어 하나를 구입했는데 다른 제품이 대신 왔습니다.
bc491210c65d22f6572a4370f8e60248,1,제품에 결함이 있어 열리지 않고 닫히지 않고 붙어 있습니다.
34af854160e7ab47a2b578f22dce8684,1,제품이 너무 작음
58cc4646b6b5a706c9314c302ae00714,1,주문한 상품과 다른 상품이 왔네요
a9424f275ec54b45085e8b3fdf21361d,1,아직 상품을 못받았어요!!
5b15d222685ac39d3110c61bff09b6e6,1,사용 2일차에 가방끈이 끊어졌습니다. 그것은 단순히 무너졌습니다. 내 딸이 늦었어!
d9985b5e60fcad79a6e2eed78bafedf4,1,제품을 받은 적도 없고 제품에 대해 들어본 적도 없습니다.
8fd10b4326b26a7131022cf8f659abef,1,시간 엄수 없음
431f71d848d8dc0ee88bdd5ab9697865,1,저는 티어드롭 커버 두 개를 샀는데 다른 유형도 줬어요.
42aba87a5d74e497fc853cde910d4e32,1,Ac021 멀티레이저 구매해서 슈퍼소프트드롭 받았어요
b6904f25e61fa334007f6d0350ac62d4,1,평가할 수가 없어요!
249ff875b152ea3c750e1d42cfee893a,1,17일에 구매했는데 아직도 상품을 못받았어요.
cdbd6a9fbdb7302360e7c110ce85381f,1,제품이 예상대로 오지 않았습니다.
50cc103bda59bd29c59f33e00e19b4e7,1,검이 부러져서 왔습니다. 그걸 고쳐야 했어
58ac63782a9063fdfe379c7b31b1f054,1,구매하지 않은 상품이 왔습니다. 원숭이 인형을 사서 곰을 받았습니다. 문제는 학교에서 프로젝트를 하기 위해 원숭이 인형이 급히 필요하다는 것입니다. 무질서!!! 그가 원하는
d24b90d375b1415ca40e5b531d04a6bf,1,"보세요, 내 제품에 결함이 있어서 보증을 받기 위해 보냈는데 보증에도 결함이 있었습니다."
4093b84461e9ee4cfa6b1f720d1003ac,1,예상보다 훨씬 일찍 제품을 받았습니다. 이것은 훌륭합니다. 매우 만족합니다.
e438a68d6cff4749165966ed2e2ff8a0,1,좋은
877ea935e0ce1786032071a571b40cf3,1,결함이 있는 제품
aa42ef5836ab019b44061dc0531788e2,1,소비자에 대한 진정한 무례함. 기업이 이런 식으로 행동하는 것은 용납될 수 없습니다. 이 불쌍한 나라의 관료주의 때문에 나는 그것을 돌려주지 않을 뿐입니다.
3f0541d009d20e9a244f3bb2ebf07f8f,1,"1017년 11월 16일에 구매했는데, 구매일자를 변경하셨나요?"
9c9c501f71dcf81d14d006826972733a,1,"주문한 상품과 다른 상품을 받았는데, 이와 관련해 도움을 받을 수 없습니다!"
9f18c993eae62038ac5401de4f757054,1,나는 그것이 더 많은 평방 미터를 차지할 것이라고 생각했습니다.
9c38f00a080665ace303d703e03718cb,1,그들은 내가 간단한 상황을 해결하는 데 도움이 되지 않았습니다.
6e163fdf1ba2f182f3a922e26d690c09,1,"여행가방에는 리벳이 모두 헐거운 상태로 제공되었습니다.

여행가방 3개를 싸느라 돈을 써야 했어요

나는 추천하지 않는다"
c11c997259391d3bd0a950a34e7e5222,1,제품이 손상되어 반품이 허용되지 않습니다. 이미 여기에 불만사항을 접수하고 있으며 결과를 얻지 못하면 Lannister에도 공개하겠습니다.
5cfb7b2cbf52f4ff3ec4b58f69b02351,1,나는 추천한다
f1487beee9bcc5d6921a3e5ddcb63623,1,저는 60cm 반짝이는 파란색 미니크래프트 검 2개를 구입했습니다. 1개(하나)와 45cm만 받았어요. 구매한 두 개의 검을 판매하고 지불한 크기로 받고 싶습니다.
de4645a62b989d300a37b6c4f5164160,1,여행가방이 면도된 상태로 왔어요 - 반품하도록 노력하겠습니다
e3770527e77ed1a6d8b5992c286dc4ea,1,"IPI 씰이 없는 제품을 받았습니다.
 이는 제품이 원본임을 나타냅니다. 저도 원래 상자에 못받았어요"
70ffdf594d9f10774b05b0e2f55b0eac,1,홈페이지에는 2리터라고 되어 있는데 500ml짜리 병을 보냈어요
a2f4f3306fea53180f55b6bb37d63647,1,내 주문의 마지막 업데이트 날짜는 11/28이었습니다. Ngm은 만족감을 줍니다!
29760b4b3e268c6ac38bf18c85c89d88,1,"장치 크기를 완전히 벗어난 제품, 덮개가 지문 판독기 전체를 ​​거의 덮고 있으며 필름이 너무 작아서 장치에 놓을 수도 없습니다."
ce76ffbfb04b7dc8293ca658f75963cc,1,반이 왔다
d6ace1ec8544e524cd905cdd88519017,1,"설치 CD가 깨져 있고, 프린터 상자에 패치용 테이프가 가득 들어 있고, 제품이 전시된 것처럼 보이죠...."
145b20b69dc0b70579d0754a3d26b6af,1,내 제품이나 돈을 돌려받고 싶어요
be5d9df3cb44dbb469a80581ede808a2,1,자세히 확인하기 위해 제품의 씰을 뜯어보지 않았습니다.
0a31fa5371c2046d273b9fb84e3b2988,1,거의 한 달이 지났고 당신의 도움이 필요하지 않습니다.
dc43b4be2ecaa2252af476b7f87f01a8,1,"필름이 마음에 안 들어서 전문가에게 가져가서 붙였는데 공기방울 냄새가 나고, 다 해보았지만 본인은 추천하지 않았어요."
061cafafafb36839a8ee7cf19ab807c6,1,손상된 제품을 받았는데 오늘은 교체되지 않았습니다
266fd5134fd1b895a5b06936d51aaa17,1,나는 누구에게도 추천하지 않습니다. 이미 만료되었으며 그들은 나에게 어떤 만족도 주지 못했습니다.
62db7b956ff0a1fd095d1d2bce81b8f8,1,그들이 나에게 보낸 제품은 내가 구입한 제품과 전혀 같지 않습니다.
7f4419f7c94db80e542d82717e3c6528,1,"책을 구매한지 한 달이 지났는데, 이미 결제를 했고 아직까지 제품을 본 적이 없습니다. 그런 게 아니야, 라니스터!"
d7f99a9d27a65a88e4aba096e5ba4a47,1,내 돈을 돌려받고 싶어
aa3666ac800f7d6ee11840a2d5f74ee6,1,더 이상 사지 않아요
ff49f52e3e1a9422bc1899208d5b8591,1,내 돈을 돌려받고 싶어
e8ecb472cb1a0f18c82e2d358f8e2128,1,의자 등받이나 자리는 못받았고 받침다리만 받았어요.
3302bf91faabf99f49bb481f349e3c39,1,제품이 상자 안에 모두 묻어 있었습니다
cf5c16c1ce5b2de3b5141ae26b58f65f,1,내 제품은 어디에 있나요?
10b64ed7e88bc66762c2637eb63e05b5,1,며칠만 사용해도 이미 과열되었습니다.
0a703303bdedfaa80afd4eb17280f2d1,1,그만큼
75156818c2863d3be5ab7b08e728e43d,1,"좋은 아침입니다. 커튼만 받았습니다. 소파 커버도 함께 와야 했는데, 2017년 8월 4일 금요일까지 받았으면 좋겠습니다."
17977c94608050b43e782e6f72874c0e,1,나는 BaByliss 브랜드를 선택했습니다. 이미 가지고 있고 많이 좋아하기 때문입니다. 그러나 내가 많이 구입하고 비용을 지불한 이 브랜드는 매우 다릅니다. 모조품과 매우 유사하며 INMETRO 씰도 없습니다. 탄 냄새가 난다
7c644ea34ca017627bdfc5a5465a14a3,1,내가 기대했던 것만큼은 아니었어
cdee3ff3ab3f8f61f223e40ed025a7ff,1,나는 제품이 매우 열등하다는 것을 알았습니다. 내가 지불한 가격에 비해 더 나은 것을 기대했습니다!
a70b9ff516da648dcee359a50611fe6d,1,Lannister에서 구입한 네 번째 주머니칼 열쇠인데 그 중 누구도 내 Vectra 열쇠를 보관할 수 없었습니다. 또 다른 것 구입한 지 4시간 후에 돌려주고 싶어요 뭐야 씨발 농담이야
d1bf35d75370a60c682bef1964a52443,1,나는 그것을 권장하지 않습니다.
ead0bec6842006b655fed967de837883,1,정기적인
f2b05b43011210214069c513de56b6b0,1,"이 아이템을 구매하면 다음 노래가 생각납니다:
""그건 사랑이 아니었어: C I L A D A"""
f8e76bb341db0c60411beac8a83f312a,1,받아보지 않고서는 평가할 수 없습니다
fd074331568837ca57c2d9c764788749,1,그만큼
d115642fba3060e4082472bb2801b111,1,아직도 상품을 못받았어요????????
d5ba09d1ab7cd3c7094545fa86c6c21c,1,좋지 않아요.재료
44d2850802286aba47ac68220a075bb3,1,합의를 준수하지 않았습니다
d89b3f3e37df53791ceeef1e4e653310,1,해당 상품과 전혀 관련이 없는 상품을 받았습니다.
54e30fbd73b01605796983a14e438a57,1,비타민 2병을 샀는데 1병만 받았어요
b2d1b05f793967d7cd1700b103bf0cc7,1,그것은 내가 기대했던 것과 겉으로 보였던 것이 아니었습니다. 반품하려고 했는데 받은지 이틀만에 반품이 안되네요.
8d6f2d65fb984460ec10037e22a06fa2,1,제품이 불완전하게 왔어요
d9ff0185a300435402f043124f530274,1,물건이 맞지 않았습니다
3398f00480d402f9b8522e6bda2c29d5,1,전압이 220인 제품을 구매했는데 전압이 110인 제품이 왔습니다. 어떻게 해결하나요?
0fd5b0b57e1006706acc1bc1ccc2f66f,1,에어컨용 범용 제어 장치 2개를 구입했는데 안타깝게도 삼성 3D TV용 제어 장치를 받았습니다.
64bd3e880a66ec01c58e06862dcb82fc,1,케이지 대신 샐러드 커터를 받았어요
b706ae4c6c85939c824f9ce25ae11884,1,오리지널 제품이 아닙니다.
1d368a43ab595c909b1be8fa55d9fe9e,1,시계를 샀는데 시계를 하나 더 보냈어요
e5bcc19af03dc9c714d381752e9f724f,1,제품이 발송인에게 반송되었습니다.
6289102facc42d587c415f1ac8df5b2d,1,"그는 시계만 건네줬는데, 스파이더맨 시계는 없어졌어"
fa25c1041e1b896695240436adc0271e,1,아주 나쁘고 매우 얇아서 한 가지 말을 하고 또 다른 말이 나옵니다.
8f91b7a70604c68b017c9f0f74149c1c,1,벌써 4일이나 늦었어
1263bf7619d0024e7a8b211924e1bbe6,1,나쁜 서비스. 지금까지 그들은 내 문제를 해결하지 못했습니다.
90195b2be816e11d2c854069f663f7f0,1,나는 그것을 좋아하지 않았다
ade32d1b22ac2ce84c90f170c4ab1845,1,첫 구매에 대한 평가는 나빴습니다.
9105f342ad7620f549169ab82c176b1e,1,나쁜
60374093aa8d84de08b2c04a3eec89c4,1,끔찍한
34dc2f9bce0427122de8cd6afdb03c2c,1,속상한
71c7a91ef2c9f2d5717181b75d85a761,1,안타깝게도 손상된 제품을 받았습니다
aa138e54af900b83a2a45176517d1071,1,내 돈을 돌려받고 싶어
36272970346cb4aadae6ef0defd79773,1,"장애인, 의자가 급히 필요해요."
e0fc6abd74320ea468f697164f069f8d,1,같은 상품이라 하나하나 받는게 싫더라구요. 4개가 필요해요. 4개를 샀는데 따로 받겠습니다. 끔찍해요!
236087c146bdb55ebd6d5316b00308d9,1,저항이 약한 약한 제품. 아무 가치도 없어!
8d68d7bd9cf7a752bf49e61522d69542,1,측정 막대의 크기가 완전히 벗어났습니다. 아무 소용이 없습니다. 50cm와 150cm 사이의 거리는 1미터가 아닌 90cm입니다!
5b162b218962d6f3b7c0d0f3bec7920d,1,"안녕하세요, 안녕하세요. 플라스틱이 아닌 그릇을 구입했습니다. ...
플라스틱 제품인줄 알았더라면 안샀을텐데.."
426787854631af08093236fbcd0cd554,1,시간이 오래 걸린다
790a2b1cebf279ed28bf91f4fe91478c,1,윗부분은 괜찮아 보였는데 아랫부분 고무부분에서 냄새가 엄청 심하게 납니다. 차에서는 사용할 수 없어서 질식했어요. 고무 화학은 매우 강력합니다.
88c3545726570a614531a593a21eca1f,1,좋은
80d9047477928cfb4cf319c2d04004e6,1,제품이 기대에 미치지 못함
0eb0a41e6b1a9ededcb4102af28625fe,1,제품을 구매했는데 다른 제품을 받았습니다
6a6f17e757e213c9287c353998a5b054,1,샴푸와 수염 빗을 샀는데 샴푸만 보냈고 지금까지 빗은 없었어요... 너무 화가 났고 주문을 제대로 보내지 않으면 법정에 갈 거예요.
00c405bd71187154a7846862f585a9d4,1,눈썹에는 효과가 없어서 좋지 않은 제품입니다. 나는 추천하지 않는다
beec430d7884623aea86fd246c0886b9,1,나는 그것을 좋아하지 않았다
f8470371533c258e0a16d3406dd43859,1,"제품이 가열되지 않습니다. 한 시간 동안 놓아두었고 전선 위에 손을 얹으면 따뜻함을 느낄 수 있었고, 그 위에 시트를 씌우면 아무것도 느껴지지 않았습니다.
이미 라니스터에게 알렸어요."
75681e645ebf121d79cde28849994e7c,1,나는 내가 구매한 제품이 만족스럽지 않기 때문에 다른 사람에게 이 상점을 추천하지 않습니다.
a5b77614683d41f8c213c366e5c3b3cd,1,본 것과는 다른 포장..의심스러운 향
2d6ce36962726757ee9b668df71866e6,1,한 번 주문했는데 반만 받았어요. 선택한 휴대폰도 없이 표지와 필름을 어쩌겠어요......반품하고 싶어요
82bc67125dc0c2f0f348a1ec55ade2d8,1,제품이 더 좋은 것 같아요! 좋은
d7f71d136da2fa678c39380a22d117df,1,"불행하게도 통풍장치는 탱크 탭에 맞지 않아 관절식 또는 3/4형이 아닙니다.

호스에 관해서는 아직 테스트하지 않았습니다. 나는 그것이 맞기를 바랍니다."
55b7d8a3d0db6bec3060f8434a82a307,1,제공된 제품과 완전히 다른 제품입니다.
248b0e94f86d91bf3538c663bb08846c,1,Obd2 v1.5 블루투스를 주문했는데 Wi-Fi가 함께 제공되었습니다.
bf205457ee84ab84c423d67b88239982,1,8/1부터 우편으로 왔습니다
61dffbf220e7df65d65f1ea067fa0b1b,1,물건을 어떻게 받는지 알고 싶어요??
09195dded6636223b79ba89aa778d5fb,1,다른 제품을 보냈네요.
08f95199562a41bb3a899717810c7af2,1,220V로 구매했는데 110V로 왔습니다.
436a9aef30267664e39faf27982b0921,1,댓글 없음
0f5feae20ee62fe5f7320dea993a841c,1,애플 휴대폰 배터리 충전기 케이블을 구매했는데 브랜드도 없이 중국에서 만든 USB 컴퓨터 케이블을 받았습니다.
a323ac4955fc32f68997f8d0122ff2c1,1,안타깝네요... 항상 고객이었지만 앞으로는 더 이상 구매하지 않겠습니다.
90bf73869f0ae6e4ea3731dcf7e2e620,1,포장을 열면 나무 전체가 아닌 과일그릇의 바구니와 발만 들어있습니다. 무슨 일이 일어났는지 확인해 주셨으면 합니다.
f0b0ddd1464bee62169490a83b11cc7d,1,돈을 돌려받아야 해요. 한 제품을 주문했는데 다른 제품이 왔어요
ec082d3ffd103096f9274b6247217ff9,1,"저는 해먹과 테이블, 어린이용 의자 2개 등 2개를 구입했습니다. 해먹만 받았어요."
96950c37f6e45106dab4a4fd012e1ab9,1,"주문 내용은 과일 그릇이 포함된 가구입니다. 알고보니 어제인 06/09 토요일에 과일 그릇 쟁반만 받았고, 가구의 총 가치에 대한 청구서는 제 여동생이 받았습니다. q]"
c1dbcb501480db95626caa68680696d4,1,결함이 있고 깨진 펜던트를 받았습니다.
5e3ec924bc1a1f3793e12632c2b2f85d,1,매우 감사합니다
48d5f41593d593945092952e824ce2f8,1,정말 끔찍한 제품
a333f2fe51944b92ce68ef890185dc1b,1,Sony Rm-yd047 컨트롤을 구입하고 Kdl40 W-1004 컨트롤을 받았습니다.
9db3045b1374d5f2d301c412081ab1ee,1,큰 지갑보다 큰 지갑은 보통 아주 추악한데 60달러를 잃었습니다.
70f0b4dfaf32a6a528f14215e154792b,1,한 가지를 주문했는데 다른 것이 왔어요. 원래는 micro sd xc 칩이어야 했는데 micro sd hc가 왔어요. 오래된 버전의 micro sd입니다.
ef66cc60de5221417b5fb81b1c42de85,1,"3개 제품을 구매했는데, 구매한 제품과 일치하지 않는 제품이 2개 왔어요. 이 판매자에 대한 나의 부정적인 의견으로 인해 그는 판매에서 약속한 것을 이행하지 않았습니다."
ff14a3e36b78f407a4e8402572e4edfe,1,"엄청 늦은 상품
나는 추천하지 않는다"
b36821b178b0c8f04ae7efea66fe11aa,1,제품이 기대에 미치지 못했습니다.
4725eb9672221e03c250c9a5ff5736e7,1,오늘까지 내 제품은 아무것도 없습니다
5f00edb71f6d82f109f0af2b317994e5,1,댓글이 없습니다.
2b4d04cfb81d2dbb1ab48f9e2a7ac6b9,1,커튼 3개를 잃어버렸어요. 그리고 지금은?
3de8c740a547c348fa59a160d9bd7a6e,1,손상된 제품
4bfe0bd0ac2d566a6ab7c45961288b60,1,유모차는 인형에게만 전달된 것이 아닙니다. 얼마나 좋은가요 ???
2fc9faf8c6b3ffe951029b8bae263bb6,1,아메리카드에도 불만 사항을 보냈으나 답장이 없었습니다. 크롬 의자 대신 플라스틱 베이스가 함께 제공됩니다.
01255808a3d38a8dd69aa93265a4cb88,1,기대보다 좋은 제품. 감사해요
973acb049a8228a556877e26fb30c06a,1,만족하는
9ad89864a2f76f00c0d73d78e7a6aa1e,1,베개가 마음에 들지 않았습니다! 좋은 줄 알았는데 정말 싫었어요!
8c81e36bea73764b1c079c3920f6879f,1,제품에 결함이 있습니다!
14e02ed9bb6ea11904967b279f41df37,1,나는 단지 나 자신만을 선호한다는 점에 유의하십시오.
01bbfee76e5e3f96f008c781c2c17bcf,1,제품이 케이블과 함께 제공되지 않았으며 여러 가지 불만이 제기되었으며 아무도 보고하지 않았습니다.
869fcf8057010b24148fcd1e2834537d,1,제품이 아주 적고 가격이 비싸서 지성 피부를 많이 빛나게 해줍니다. 제품에 대해 더 많은 것을 기대하고 테스트하기 위해 구입하게되어 기쁩니다.
7d000307a29338a053287f79e225e09a,1,멀리서 와서 그런지 포장이 잘 안됐네요.. 그래서 긁힌 자국이 있는 것 같아요. 검정색이라 잘 보이는데요.
1c2f555edfc445e72867c301b68ac512,1,질문: 시계는 와인딩 시계인가요?
ffc5d47e40567b5f153d5cd17138eb89,1,저는 Lannister를 통해 구매한 후 수령하는 데 그렇게 오랜 시간이 걸린 적이 없습니다. 이유를 알고 싶습니다!
68cf1c197f0444a28730011879182f7a,1,"홈페이지에서는 정보가 업데이트되지 않으며, 상품이 늦어진다고 불평할 방법이 없습니다."
c26f6a2ea3a573319aa40ffebdc1a43a,1,다른 고객으로부터 제가 구매한 제품과 전혀 다른 제품을 받았습니다....주문이 변경되었습니다....
a50456c8fe575e192697e5f87d77a52a,1,방이 텅 비어 크리스마스를 보내니 행복할 수가 없어
ba06fd3e802dae04b1a5a02f10d47726,1,제품을 구매했는데 사양이 다른 다른 제품을 보냈습니다.
6af818a251febcd39d030ffdff923fd0,1,"내 nincho 키트에는 염료에 약간의 칩이 포함되어 있었는데, 이는 패키지와 캐리어의 취급으로 인한 것이라고 생각합니다."
af1c0dc1f2cdfc4a74069019fe837717,1,댓글 없음
27f1701adfc69c0a85e9f59345b795df,1,매우 형편없이 제작된 그림입니다. 중앙에 가장자리의 나무 프레임보다 더 멀리 있는 나무 프레임이 있기 때문에 벽에 닿지 않습니다!
26492946caba5024f4d5e99dbdf4514f,1,"아쉽게도 손톱물림치료제인 제품을 받았는데, 병이 비어있고 손상된 상태였습니다."
99332f462c856f28c1581e91c169b488,1,"Moto Z Play에 사용할 Type C 케이블을 구입했고, 미니 USB 케이블을 받았습니다."
a24474d0a4ebace563a0695a14b5bb0a,1,아직 상품을 못받았어요 :(
dccdda90e3f3d9225e29e4b4bd96855f,1,베드스프레드가 침대 커버가 아니고 천이 얇고 쿠션 커버에도 결함이 있어서 꿰매어져 있지 않아서 끔찍합니다.
fc4e4569c5ee84762423c8111fdea8c7,1,기대에 부응했습니다
1c8c848f0ae6345dce75efde3c535160,1,미니 USB 케이블 출력이 예상했던 것과 다릅니다. 삼성용 출력 케이블이 필요해요.
c501e686e3c0455bf577703d3ccc86d8,1,"손상된 제품, 눈이 있는 부분, 조각이 느슨함"
969d4417af042f4e8bb879f49e51b447,1,상품을 받았는데 화면이 깨져서 왔어요
ed71a9aee36ef0c221b57bde3a044f6c,1,지금까지는 베이비 컴포트 베이스만 입고되었습니다.
01f04ef1bf8714247c5286afd8579353,1,홈페이지에 명시된 것보다 작은 제품
c3897336d5d3d5a54fd2203ee9483312,1,해먹은 사고의 위험이 있으므로 어린이에게는 적합하지 않습니다. 해먹은 너무 좁아서 아기를 넣기가 어렵습니다. 5개월 된 아기가 두 번이나 넘어졌습니다. 그는 매트리스에 떨어졌지만 겁이 났어요
19482dab7e55b687df4b2aec7bf23f55,1,팔부분 핑크색으로 주문했는데 흰색이 왔어요
bb1cb0653f2664a83f30a4bc0b483f94,1,지금까지는 내 제품이 어디로 갔는지 알 수 없습니다.
a156911dd7e008e373ba70af8ddf3ce9,1,포장이 열린 상태 제품 우중충함 전원 코드 없음
39dec6d69a6e574fcd86be266b2b0ee4,1,3박스 구매했는데 2박스만 왔습니다
eb84695b82bc1d046f420135f35c52f8,1,수건이 푹신하지 않아요!!!!
9d8032cab9a441c8df1b47087eae5b41,1,저렴하지만 의심스럽습니다.
b21dc017542898ea39cc71d4aaf0de04,1,시간이 오래 걸리는 것 외에도 오류가 발생했습니다.
ad6ee9479111c0c9b69de241c98009df,1,제품 향이 너무 강해요! 하지만 가격대비 전혀 불만이 없습니다!
9a75fbfdd0e2d8c9285edc0b65879551,1,상품을 구매했는데 다른 상품을 받았습니다.
2c96c827c0d1b349e1d4f1c3a4040f49,1,아크릴 베이스가 깨져 수도꼭지 주변에서 누수가 발생했습니다.
9418ab9676b7f5d9539c74b557c59284,1,상품을 못받았어요!! 메일 문제일 수도 있나요?
dc8211dc85eb0da6c9f3155218cb4113,1,나는 제품을 좋아했다.
cf3a11ded6899d6b589a1e4a4a4308c0,1,다 좋아
9ab0996e3fa56c0c453bdaa598164273,1,고객에 따라 다름
f50852b20857fd7ff56126315745e45a,1,제품은 그냥 열리지 않는 오프너 입니다! 놀라운! 벽에 붙여놓고 병을 열려고 했더니 병뚜껑이 제품 틈새에 딱 맞지 않더라구요!!! 터무니없는!
16fda78951899265f9a26ab3c5f17c4c,1,"팔걸이 있는 회전의자를 구매해서 결제했는데 팔걸이가 없는 의자를 받았습니다! 제품을 반품하고 싶은데, 요구사항에 맞지 않습니다."
655e65fc77c14d8f715cf7f9684182b2,1,주문한 대로 왔지만 애프터 서비스에서 내 질문에 어떤 대답도 하지 않았습니다.
c9e3ce22e44e7fcdb3bbd8acff17c3a6,1,THE PRODUCT ARRIVED WRONG. 너무 웅크려서 스티커가 생겨 제품 사용이 불가능해졌습니다. 끔찍한.
189ba95d81c72d1250e45df72f8acaa4,1,시간이 너무 오래 걸려요
786a873e54be6312936c0be8968237cb,1,한 제품을 주문했는데 다른 제품을 받았습니다.
d4497ce5e801d56876bd6c9e514767e5,1,휴고보스 에너자이즈 향수를 주문했어요. 지금까지는 너무 좋았습니다. 하지만 향수에는 향이나 지속력이 없습니다. 뚜껑이 헐거워졌습니다.
c02737a2fbe69425f792820b6a2a0100,1,선반에는 두 개의 찌그러진 트레이가 함께 제공됩니다.
c2b0a01a95828a432d2f335db23e23b6,1,홈페이지에 나온 제품이랑 완전 다릅니다. 훨씬 열등합니다.
4460329ef6417ef6f526adae51f4a7ad,1,매트는 배신자에게 맞지 않습니다
d05d5881240a2b6f02e90a83bddc85cd,1,"😡😡😡😡😡👎👎👎👎👎
고객에 대한 약속이 없는 회사"
a350e8cd63ddb81fb38898d3666a5e8c,1,베갯잇 2개와 하트 장식이 포함된 이불을 구입했는데 제가 받은 것은 베갯잇 커버가 없는 시트와 아무런 관련이 없는 시트였습니다.
522eec5aa38ae3153b1c1a94e013947e,1,저는 Leila Fletcher 악보집 1권을 주문하고 2권을 받았습니다.
d34b43bca6cc1cb6d49c06d6090770eb,1,구매한 상품을 받고 싶어요
c771032d318005136655d3e3bf60bf54,1,아직 받아보지 못해서 평가를 못하겠습니다.
2f7b0831a3de1c86dfc528f200d7332e,1,브러쉬가 기대에 못미쳤네요..
3b550d526029241325a94aa30a60cff0,1,보내주신 상품은 구매한 상품이 아닙니다. 내 돈을 돌려받고 싶어
ca2bfe1c1e0ec49a98d9e9f94a39c06d,1,제가 주문한 것은 오리지널 칵티네아 500mg이었는데 제가 받은 것은 그게 아니었습니다...
dda427569144edf4a458f8fed9d5ca4a,1,"감사합니다, 더 많은 분들에게 추천하겠습니다, 일등급 자료, 축하드립니다."
f9caecc41dc2d3c623aa7b362611fdd2,1,"부실하게 제작된 제품, 비뚤어진 부분, 부실하게 제작된 용접부."
0e4a4de1d15b6df8d4335fb2db61667a,1,끔찍한
202effd51a18d9717266ec1935672741,1,약하다고 느꼈어요
197979ae89666596c6a65ba20fb220ce,1,받자마자 의견 남기겠습니다.
19cafdf7469104c432959892a04920a2,1,"때로는 켜지고 때로는 켜지지 않습니다. 가격부터 더 낮을 거라고 이미 상상은 했지만, 조금씩 꾸준히 사용하려면 덜 요구할 거라 예상했는데..."
4a71c671955d20b872ceb6758387a3e5,1,아직 받아보지 못해서 평가를 못하겠습니다. 2017년 12월 26일
f00f18b889a2223a359c04fb790de5c9,1,. 제품은 원래 포장에 들어 있지 않으며 파운데이션 한 방울을 원래가 아닌 플라스틱 튜브에 담았습니다.
93d46ea758b312e44cd1611c3ac69f72,1,결함이 있는 제품
814823738ce02d399f917f00e77393d5,1,제품을 구매했는데 다른 제품을 받았습니다
9cf6e3606af3b114428d4fed81663328,1,"커튼을 샀는데 사양에 막대가 빠져 있고, 막대가 거기에만 있고 없어서 속아서 이 판매자는 추천하지 않습니다."
e3b8f30edc738fdf0897de9bf8b49d56,1,"다시는. 배터리가 ""춤추고"" 접촉하지 않습니다. 그리고 나는 불평하고 싶은 마음이 조금도 없습니다. 너무 많은 일입니다. 간단히 말해서, 저는 이러한 유형의 피해를 피하기 위해 더 이상 이러한 유형의 제품을 온라인으로 구매하지 않습니다."
d2b0e9ad3eb702103a07a98fb24ef49c,1,자르지 않고 왔기 때문에 샤프너를 보내야 하는지 알고 싶습니다.
e219372f6da65b22dd2e19af454261bb,1,오늘까지 상품을 못받았어요!!!
f8f39c04af57100b2067941cddcb9376,1,안타깝게도 온라인 구매가 매우 어렵습니다. 구매 대금이 결제되었기 때문에 이미 카드에 요금이 청구되었으며 지금까지 제품을 사용할 수 없었습니다. 소식이 없어요!
96f5dfe006638550afa4d6390fc074c1,1,구매한 상품을 반으로 받았습니다
6a9dce70e1b41a16991dad71dcd0411c,1,제품이 이미지의 제품과 일치하지 않습니다.
6d081f01954b384717392a20f7230f6a,1,줄은 짧고 플라스틱 나사를 조인 ​​다음 나사를 풀 수 없으면 케이블이 팽팽하게 유지되지 않습니다. 마음에 들지 않았고 추천하지 않습니다. 밀리
af69a0637aaba8092dfd96632cde5c69,1,홈페이지 이미지에서 120캡슐 60캡슐 받았어요
e36c63ea06394d310e4b4ce9334c0392,1,제품에 사용 흔적이 있었습니다.
c1d2b34febe9cd269e378117d6681172,1,해결책이 필요합니다. 제품이 꼭 필요합니다.
136c36bf83629aea3290644dabe72471,1,참고로 저는 해당 제품이 없어서 제 제품을 원합니다.
5f321b4a49def66a561530fce7c03bab,1,돈을 돌려받고 싶어요
8f118ea8f1f2d5c3e18488776e2caca0,1,그래도 받을 수 있나요? 결제는 어떻게 되나요?
0a79d1506c2e0249c9aff8723bcf51e9,1,아직 그림을 못받았어요!
cff5d131d68af2eef5268034defe07ca,1,나는 단지 대답을 원합니다.
97a7c1a54e3b84c6e2a2208198f48393,1,"이미 녹슬기 시작한 사용 흔적이 있고 찌그러진 제품을 받았는데, 권장하지 않습니다. 포장이 매우 허술하고, 상자가 찢어지고 찌그러져 제품이 손상되었습니다."
4f899ca2d40460c7af01f7edb20f9bd7,1,상품이 늦어지고 있어요
abff5d60e5e2c3597532dd698c8b7e1d,1,일반 TV용 리모컨을 주문했는데(제 TV는 스마트 TV가 아닙니다) 스마트 TV용으로 왔어요..
2fcd7fa5d8729fd6dddd51369b36edcd,1,구매한 제품을 최대한 빨리 받아볼 수 있기를 바랍니다!
56bbc7d92e6e74b8782abbf5ee336a92,1,나사 때문에 엉덩이가 아픈 의자입니다. 사지 마세요!! 완전한 회개
6066a9bffba977ef146cf6f56ce9bd5b,1,나는 다시는 미국에서 물건을 사지 않을 것이다
0bd044f3b358bb88951e3ea66eadcc70,1,이번 구매 후 내 카드가 복제되었습니다. 나는 매우 화가 났어요!
ab98ff74321e38f5374c79cd84819ec8,1,시계가 없습니다.
2dbc4c66728ea83e323443d858586881,1,"병에 향수가 없고, 향이 나는 알코올이 있어서 추천하지 않습니다!"
ad4f45ebcf8664ef5e1bb5073359f9f1,1,펜던트를 YELLOW로 구입했는데 스테인레스 스틸로 왔습니다.
5dd868edea4ee3363563534cd18187f1,1,낮잠 오늘까지 상품 잘 받았습니다
5b170e2ca414dba1a026afb280420501,1,헤드라이트를 켤 때 전구 중 하나가 약간 깜박이고 때로는 저절로 꺼졌다가 다시 켜집니다. 이미 전구를 교체했는데 문제가 지속됩니다.
1330176f6500125ff6e8e10922fb714c,1,"유리 필름이 긁혔고 보호 플라스틱이 없으면 2와 J7 커버가 매우 넓습니다.
A6 필름은 가장자리가 올라가므로 보호 커버와 함께 사용할 수 없습니다."
47960ca020072a5fa5a8371f0efead69,1,제가 못 받았는지 모르겠네요
58fc7929e8fb79aa684a3334b80b757a,1,"내가 주문한 맛이 아니었는데 
초콜렛맛으로 주문했어요
그리고 바닐라맛이 나왔어요
매우 속상했고, 개봉하기 전에 맛을 확인하지 않았으니 믿을 수 있을 거라 생각했습니다."
4d20a88009a1ccbe54db2c4c7e184228,1,큐벡스정을 구매했는데 제품에 결함이 있어요! 충전되지 않습니다...
21a5a6a3ba44669b781dde94b19a361a,1,아직 전송킷을 못받았는데..
fd0a7f56ae1f27e542b1e79d763c0a75,1,제품이 없습니다
ebb5affa057893d369c438b0eee8e2b0,1,그것은 제가 기대했던 것과는 달랐습니다. 매우 간단하고 끔찍한 베어링 시스템과 파이프 조각이 있었습니다. 우리가 베어링에 관해 이야기할 때 저는 그것이 문제라고 생각했고 플랫폼이 옆으로 기울어졌습니다.
ce243573aa83a8e70bb99ca6133a210e,1,아주 나쁜 제품입니다.
09f929ce6d526af69a12f1a54230e396,1,교체하고 싶은데 태블릿이 충전되지 않고 결함이 있습니다.
5400e2987acb955ee428c73ca8f28a76,1,꼭 24일까지 상품을 보내주세요
6a418aa9198fd6a8b3defc233ca92c3a,1,보상이 안 돼요 검정 카트리지로 30장도 인쇄 안 했는데..... 보상이 안 돼요
8436df70c30e8e11edf5cf2f880edf6e,1,같은 상품을 구매했는데 반품하고 싶어요. 어떻게 해야 하나요?
d7d9b2d3d6316241ec880b97446b797e,1,받으면 더 좋은 성적을 받을 수 있을 것 같아요
1ecad0e8ea57760ebd5ea7863ec48b06,1,저는 Lojas Américas를 추천하지만 제3자를 추천하지는 않습니다.
fc5d5be2bb37da8453e5496e7fdb033d,1,네 개의 러그가 찢어졌습니다. 나는 그들이 그것을 바꾸길 바랍니다.
879a1b657dd0ac822411797d57cfe29f,1,나는 내 제품을 원한다
88378ffe8de3a4e0d7ef03e71010d618,1,나는 몹시 후회했다. 젠장
adbd608bc3c4a0f50224fa3b9543f791,1,주문한 상품이 아닌 다른 상품이 왔습니다.
02cb37269f256232b81be588ef056c92,1,나는 제품을 기다렸는데 아무것도 없었습니다.
6c5d2796918878bf21ba842f8df0b57a,1,주문한지 한달이 넘었는데 아직도 못받았어요!
b7f8b0ec8242c32730504ca558390211,1,트리플 엑스
a8c5b9c0a36fb5d42f41d29dc808c0a8,1,수도꼭지에서 물이 거의 나오지 않아서 해결책은 기존 수도꼭지를 다시 설치하는 것이었습니다.
0a8f35ef46160ef897c27ba8c423d823,1,내 수도꼭지는 어디에 있나요?
3bc25388dde67d943ffaf8db488cebc0,1,두 제품을 구매했는데 한 제품을 받았습니다. 구매에 만족하지 못했습니다. 나에게는 그런 일이 일어나지 않았습니다.
c85289fdb95c9cf1cdd688af14513e33,1,끔찍한
3058f418c175f89b5dc680bcb5634ab1,1,부정적인
e1618c8576ca46d8e460cd2219eb2750,1,제품을 구매했는데 다른 제품을 보냈네요...불만족스럽습니다...
caaddbb1afdea8bd329d4a63dda44f7f,1,"사용 30분 후, 제품의 접착제가 이미 벗겨지고 목재도 간단히 벗겨졌습니다. 안전용품은 모두 매우 약하고 속이 비어 있으며, 이를 부착하는 고무줄도 매우 짧습니다."
7ce2089fc1fcc4723c496f0b549190d8,1,한 가지를 요구하는 것은 또 다른 것입니다. 나는 이해하지 못했습니다.
990c396e6013e8b43c6f18b3d609cbee,1,똥
fa5fda679e9129cc1196e2482c1b58f5,1,"제품 문제로 인해 10일 동안 우편물에 ""걸려"" 있는 부주의함. 나는 내 제품을 원한다"
62a7bb29522188f4c6467125ea02e867,1,소셜 타월이 핸드 타월과 같은 줄 몰랐네요 윽
698dffc04f786cb3f8f5731d96f2d9c7,1,내꺼엔 지퍼가 있었는데 이건 늑대가 만든거야
67cb060da41114f8464b736e9e49058e,1,전동칫솔을 구매했는데 마사지 기기가 왔어요. 주문한 제품과 전혀 다른 제품이더라구요!
aa62e67d7dbefd7e1331d5975f61a404,1,받은 제품이 홈페이지에 명시된 제품과 다릅니다.
030e9e4de3076fb365bf6549b920215a,1,"상품 이미지에는 트리머가 포함되어 있으나, 트리머 없이 다른 부품이 함께 나온 제품입니다."
59c1736899bb709593b369f89fbf2574,1,나는 제품을 받았습니다. 그런데 배터리를 충전하러 가보니 배터리가 부풀어 올라 뒷커버가 열리더군요. 요컨대. 제품을 사용해본 적도 없는데 벌써 문제가 생겼네요.
af1f8e604dd6e52d35dd93dd7c2b46da,1,책 두 권을 샀는데 한 권만 주셨고 두 권 모두 영수증도 함께 주셨어요!
604ed3ff72a9c67c6fcf940e6ba3bec0,1,"좋은 제품. 프로모션 가격은 훌륭하지만, 케이스와 디스플레이에 긁힌 자국이 있어서 시계의 기능과 아름다움을 감상하는 데 지장을 주지 않습니다. 하지만 이미 사용된 것 같은 느낌을 줍니다."
7e2a281f24e01c2b6eb30c545bebb7ac,1,제가 구매한 제품이 아닌 다른 제품을 받았습니다!
9706023383737a509d67fdd3eaf88e54,1,깨지기 쉬운 물질. 나는 만족하지 못했다!!! 나는 그것이 더 낫다고 생각했다.
227ccb58caaeac742a273c01856d523a,1,커튼 4개를 샀는데 5번째 커튼이 다른 것보다 훨씬 작게 왔어요... 가장 나쁜 점은 커튼이 모두 함께 붙어 있다는 거였어요... 매우 고르지 못했어요
5371c621f3943c45deabe534a8fd61eb,1,제품 포장이 제대로 밀봉되지 않았습니다. 원본인지는 잘 모르겠네요
b172124e9aab2e37fbc87515ab36ea81,1,팔콘을 사고 앤트맨을 받았습니다.
4886ba57227500f0a374a1fd079b02f1,1,"마음에 들었고 추천드려요!!
믿을만해요!!"
da0b10b78f4b4fd25b1635724889e7df,1,상품을 구매했는데 전혀 다른 상품을 받았습니다. 어떻게 해야 하나요?
adddc7adab7516dd578d700024245d43,1,00
6f199c0873866afaadffaa53f4808a21,1,나는 가게를 추천하지만 향수는 추천하지 않습니다. 냄새가 전혀 나지 않아요!
39d0bd05538b0d573193744390e86223,1,결제한지 오래됐는데 꼭 필요한데 아직도 상품을 못받았어요
20bc33ea85750fd7d20d7b72c5c4b36d,1,제품이 찢어져서 왔어요
3064f25efd77a992ee9def050c0eaf36,1,Whal 기계를 구입했는데 다른 기계가 이상한 브랜드에서 와서 불만족스럽습니다!
0764f8b9a45b0305b75e1bbd614ffaaa,1,코리노에서 의자를 샀는데 패브릭으로 왔네요!
cb4d02620d1bb019ae594478c5d9f565,1,제가 받은 목걸이는 전혀 다릅니다. 나는 그것을 싫어했다.
25348d7abfa3893731e3836aab2f6a6c,1,매우 지저분합니다. 권장하지 않습니다.
25eb0761e1e9fbcf056d8d92a88caef8,1,"홈페이지에는 자동실감기 기능이 있다고 되어 있는데, 제가 받은 제품은 고정실이 있었어요."
8220769da5e88eb4288d26cc8f694b41,1,MDF가 손상된 컨트롤 홀더를 받았습니다.
6f01c1ae0db33636a3424c8239b8290a,1,시계는 목적 없이는 돈을 지불하지 않습니다
f4bc8c5c2d0700575efaf3a5f913bc65,1,많이 개선해야 해
8d6f70397db05604f0f4ccca7e376f12,1,제품을 구매했는데 다른 제품을 보냈어요
f6ba2b603300f7bd6e7014a602fae719,1,모든 것이 잘되면 리뷰를 변경하겠습니다.
c513e47b1ec7f0c630776aff9e942ec9,1,책임 제로
5f79b5b0931d63f1a42989eb65b9da6e,1,모든 것이 예상대로
7a7375f58149053d599aae579288fd96,1,말 못하는
9a769002f689e9dd972f6008d7312ead,1,아주 좋아요 마음에 들었어요
a15d904c9e9cfb9f11a9752fbf1b6a7d,1,나는 실용 플라스틱 보톡스를 구입했고 그들은 Zap에서 나에게 진보적인 보톡스를 주었습니다. 매우 불만족스러웠습니다...처음 이런 일이 일어났습니다.
ba42f2a26f17be290cfc14c6f8b4e625,1,히터가 아닌 온도조절기를 샀어요
e62907b8603f88422352b8499461d59b,1,"좋은 아침입니다. 제품을 받았는데 사용해보니 칼날에 결함이 있고, 정렬이 어긋나고, 빗이 비뚤어지게 조립되어 있는 것을 알았습니다. 어떻게 교체하나요?"
e282dabaac0b31c7da8a0896fd56e7f3,1,잔을 받았어요
eee0d370c2154116eb2fe9e4c75532e6,1,"저는 R$ 257.87 상당의 건식 및 습식 모발 트리머 BG2024/15 Bivolt - Philips를 구입했습니다. 그런데 필립스 QT4015/15 헤어 트리머를 집에서 받았는데, 미국 홈페이지 자체에 나와 있는 내용입니다."
b0fea5446bb8ef92a53f062f4851be03,1,아직 상품을 못받았는데..
745e2506fb647deca4669e1c88ce9783,1,안녕하세요. 크롬 구멍이 있는 회색 Voil 커튼 3.00x2.80 극세사 라이닝 3개와 크롬 구멍이 있는 회색 극세사 커튼 3.00x2.80 1개를 주문했는데 극세사로만 왔습니다.
8b7b3969f3c39c57ab6c9d0df5741f39,1,"포장이 형편없고, 다 붙여야 했고, 반품하는 데 드는 비용 때문에 게으르지 마세요. 하지만 누구에게도 이 가게를 추천하고 싶지는 않습니다..."
d1d0ec044cc554a29e2e8fcb1c0f1002,1,방금 크레아틴을 보냈어요. 그래서 2개를 샀습니다.
cd8a09a7fdc1232c4b96604d9bcadc98,1,주황색 제품을 구매했는데 노란색이 왔어요.
c65b423dfdccf2b3fb6fec8446116d32,1,기기에 없는 것을 보내주셨으면 합니다.
ea9b4bd2f02654a60504474278dc2325,1,보온병으로 되어있는 병을 샀는데 거기에 보온병이 전혀 들어있지 않아요
9f7db45b6f8cc96acdf9c10d8a56bf74,1,내 제품을 갖고 싶은데 어디에 있나요?
44e80ef872fd5884851e68555c2ab020,1,커버가 깨져서 왔어요
2c19f031e843a243a60bdff55edc668e,1,불완전한 제품
7e7ce1bc81b9dfd761f11ce02aa3b5c6,1,부끄러운
e2fbbd87fea5a8b236b00e5b274b143d,1,"훨씬 더 비싼 제품을 구매했는데, 구매한 제품과 가격이 훨씬 낮고 전혀 다른 제품을 받았습니다."
6c78a9434dea28ba5f0dc29840509e67,1,"로하스 아메리카나는 항상 완벽하지만, 제품이 너무 약하고, 시간 조정 핀이 항상 빠지고, 시계의 시간도 늦어지는 현상이 발생합니다."
509e842f25a95f3f7d53fec4c0b66501,1,부끄러운 일이다
fed4434add09a6f332ea398efd656a5c,1,양질의 서비스를 기대했는데 머리가 많이 아프네요.
28889b0ebcf51e11d33d3b8913ec4780,1,계약 기간이 길었으면 좋겠어요!!!!
02cbfc1aa8d209d7fec3325970ca22a6,1,라니스터에는 믿을 수 있는 파트너가 있으니 더 이상 나에게 의지하지 마세요!
ceecac582f10037ad46fd4fdc529e0f7,1,주문과 함께 노트북용 테이블을 구입했는데 완전히 다른 어린이용 테이블이 함께 제공되었습니다. 올바른 제품을 원합니다.
2cb6f509b0ff4794888a4f664f857dca,1,내 문제를 해결해야 해요
fd7eb2117233aa5ac29e94a28e082077,1,그 제품은 나에게 꼭 필요한 것이었습니다
f1d18fb87d755ecddcf4c37e141aa4f0,1,너무 커서 작은 공간에서도 긁힐 수 없습니다.
f6822e0fe1a0a216386fb50209b80229,1,좋은
faf18cecda32bcf685059fb419574421,1,완료되지 않은 서비스에 대해서는 평가가 불가능합니다.
799e53347e276d82f68872b6741bf731,1,"빨간색은 70레알이었는데 아직 확정이었는데, 베이지색은 얼마나 싫은지 보니까 100레알이더군요."
375bb4357db0f08e163905aa4bbd5d7d,1,"나는 다시는 이 가게에서 물건을 사지 않을 것이다. 내가 아는 제품, 내가 아는 브랜드를 믿고 구매했는데 전혀 다른 제품이 나왔습니다. 나는 그것을 권장하지 않습니다. 나는 좌절했다."
320aa533182a4c39740380e4cf887c83,1,영사 에어컨 컨트롤을 구입하고 텔레비전 리모콘을 받았습니다
5008f69eb2ec85becc94d3a1c1918af5,1,모든 것이 달랐고 아이들에게 매우 보기 흉했기 때문에 반품하고 싶습니다.
14325b030357956fe06c611e432d7e04,1,방금 메일로 청구서를 받았습니다!!!!!
59f20ac0aae46d0940018c589d3571f4,1,회사에서 빈 봉투를 보냈기 때문에 마음에 들지 않았습니다.
bdf323b540c69988c9baca5f74e4c3bc,1,제품에 결함이 있습니다. 지루한. 나는 돈을 돌려받고 싶다.
c1310d06e793969c9dfc72a433db577f,1,점점 더 심해지고 있어
897ec6416d50126a9061626f0fc2d658,1,결함이 있는 제품을 받았습니다
3a3b0394c09dbf1c3f658c1fbe9adc31,1,끔찍한 상점입니다. 누구에게도 추천하지 않습니다. Lannister에서는 구매하지 않지만 아무것도 아닙니다.
1bb1bff5951d630e985ec8d3f8037b86,1,영업일 기준 3일 안에 받을 거라고 생각하고 구매했습니다. 5일째인데 아직 제품이 없네요. 터무니없는!
52c470bb7e38c0180705d1339fbc1cc4,1,WHEREF에 대한 정보가 없습니다
d1594d3b636b86cf4ce22e2ca650a55c,1,"러그가 아닌, 너무 작고 얇아서 플레이스매트처럼 보이는데요??"
8e1ded141534096603108f1ee5c27735,1,"Não gostei do produto, solicitei a devolução pelo site da lannister, informaram que em 48 horas iriam dar o retorno e até o momento ninguém se 선언문. 제품을 반품하고 싶습니다."
bfe378d529206e45ce2ae4095aba264b,1,나는 방출하지 않습니다.
93d350ebaa988529d9b1988c454035b2,1,"향수는 지속력이 없고 독창적인 것 같지 않습니다.

나는 수년 동안 이 향수를 사용해왔고 그것이 정상이 아니며 단지 알코올 냄새가 난다는 것을 깨달았습니다."
373e0e17a31683eb830eab2ade3df6dc,1,안타깝지만 그들은 신자와 함께 행동하지 않습니다
f0ef9b99abb2937dd8698615e6c2f909,1,솔직히 제품 포장 방식이 마음에 들지 않았습니다. 어쨌든 이 가게에서 처음으로 쇼핑을 한 것 같고 나쁜 경험을 한 것 같습니다.
af85e6e8c9f67f653b51429df7839001,1,신뢰성이 없는 회사입니다.
b0459878e11dcfafd042b81083011548,1,"제품을 구매했는데 아직 운송 중이고, 상품 모니터링 시스템이 형편없으며, 업데이트가 매일 이루어지지 않고, 훨씬 더 동시에 이루어지지도 않습니다. 끔찍한."
68354b9bbb79df0863b0138440c9e1b1,1,또 다른 상품이 왔어요
20b7f7b396dbb6dab793709e4cd89aa3,1,엄청난 가격. 나는 몹시 후회했다.
0ebf39cd91e6c7f650db30a438805518,1,"당신에게는 매우 슬픈 일입니다
라니스터는 이런 일을 한 적이 없었습니다.
나는 내 권리를 추구할 것이다"
72824c152aa4963ec6ea310bad44c907,1,이미 매우 강한 등급을 받았습니다.
bc057cb666f536dffa89e882573a1ff0,1,문제가 있어서 반품하기 위해 이메일을 보냈습니다. Lannister는 48시간 안에 Targaryen으로부터 반품을 받을 것이라고 말했고 3일이 지났지만 여전히 아무것도 없습니다.
a53ebffcfdb8c4e47308374591571f96,1,고객에게 최소한의 관심을 기울여야 합니다.
b38eef08b40fc62c878cc175dd26cd8d,1,추적조차 할 수가 없어요 :(
7b0991b804c1f59ff08aed876cd41c5b,1,"유능한 물류이지만 제품이 완전하지 않으면 의미가 없습니다.
불완전한 상품은 사용할 수 없습니다"
523f24867a34e6e564dda4898935e05e,1,왜 판매를 두 부분으로 나누었는지 모르겠습니다. 나는 그것을 좋아하지 않았다. L Ameicanas에게 떨어진 부분은 충족되지 않았습니다.
607a624a0fb32899edc4e3f9c9b24189,1,"나는 그것이 올 것이라고, 그것이 우편으로 왔다는 이메일만을 받았지만, 그렇지 않았습니다."
dd67b7acc6c65e92fd2db3c8afd56b2c,1,내 생각엔 이 가게가 너무 약한 것 같아.
21fb84496c034392ca2aafe7f7919a3f,1,아주 나쁜
1116c22b8ac5fd55755a1357d17cb070,1,"라니스터에는 고객에게도 돌려주지 않는 업체가 있다는게 안타깝습니다. 
네, Lannister의 Complaints 고객 서비스가 도움이 될 것입니다.

이 회사는 이미 홈페이지에서 삭제됐어야 하는데 OL을 보고 구매를 중단했습니다."
85ee0b549c2d6696190c17f5b9be6991,1,그들은 약속이 없었어요
5bf84aad38881827341f99a74df1b2be,1,내 제품이 아직 운송 중이라고 표시됩니다.
0ee62a44a21a9b7a751c01451bfcf512,1,이 영화를 사지 마세요. 달라 붙지 않습니다. 접착제가 말라서 터치스크린을 방해합니다.
4cb054441d2b65e4e0f4fb128f1b7b49,1,아주 얇아요
085dc4386ef92b335b19c17b1ab7876a,1,상품(곰)을 받았는데 개구리를 주문했어요.
202e894238874491c6d7ab51da37d94c,1,2/16일에 구매했는데 아직도 못받았어요.
8394f8f42f1b8e51e88bc1901c0ea3b2,1,스타크는 한때 아주 좋았는데 지금은 너무 낡아서 더 이상 사지 않을지 진지하게 고민 중이에요
add07aec0f5cae7d936f30137e686c40,1,아주 나쁜
f7ed76674fc0dbc31c2fc365c0b1cd8c,1,커버는 실제로 매우 얇은 이불입니다. 강아지의 오줌으로부터 보호하기 위해 구입했습니다. 액체가 흡수되어 소파에 닿았기 때문에 도움이 되지 않았습니다.
9c8dea197b1aa3f75bf1baf53df41fd8,1,아직 받아보지 못해서 평가를 못하겠습니다. 2017년 12월 26일
3e36c841d95ee611719b42ff49a54792,1,나는 제품에 만족하지 못했습니다.
a7d5e53a5efe34103e6b5b67c497c2fa,1,20일 이상 늦었어요
38c08fbad68f49682733a8d83e997aa6,1,시계를 받고 마음에 들었지만 결함이 있었습니다. 깨진 포인터😡
5607dd260b59aad9885b4dd7ad29352c,1,"Turbo Power 충전기를 구입했는데 약속한 대로 충전되지 않습니다. 충전기를 기기에 연결하면 고속 충전이 진행되지 않으며, 완료되었다는 알림도 표시되지 않습니다. 나는 돌아올 것이다"
06d74ea6a80deeb7e69a3b1d5bfb9585,1,"커튼을 구매했는데 눈물이 많이 흘렀는데, 반품하려고 하는데 반품이 안되네요."
13d37da7780bd1fb1eca0512a3e75f00,1,끔찍해요. 그들은 나에게 어떤 정보나 코드도 주지 않았고 더 나쁜 것은 나에게 주지도 않았다는 것입니다.
3446075ceaabd2c708b0108c2f4da282,1,무슨 말을 해야 할지 모르겠어!!!
646879122624b2217adfed3a0c2dc91a,1,의견 없음
99e75261f759faecb77b7f78e8822ebc,1,두린 브랜드의 정션박스를 구매했는데 다른 브랜드의 정션박스를 하나 더 받았습니다.
c1884aecda51600a6dcb16b487464fdd,1,주문한 상품이 아닌 다른 상품이 왔습니다.
39f4de18c3b28bba19ed3eeac7b9ee33,1,주문한 것과 유사한 제품을 받았는데 상자에 영수증이 없습니다.
e32a3048899c0e892845b12e78d039f5,1,만료된 제품을 보냈는데 불만 사항에 응답하지 않았습니다.
d704531521342cc30fbd72ab1c5eb9da,1,훌륭한
f086346ea98d5d90079f0d0503699d93,1,내 상품을 받기를 바랍니다.
3c7bea0b3fdeab82f1c819c75c5da223,1,Américanas의 파트너인 Targaryen은 시장에서 유명 기업의 파트너 수준이 아닙니다. 제가 겪은 불편 때문에 친구에게 추천하지 않습니다. 감사해요.
1bcc358683121573025279427dacc764,1,2박스 구매했는데 1박스만 왔습니다!!!
8ef4bed1022c0f48012b556559e43f06,1,루이 제품은 마음에 안들었는데 CPU에 안들어가는게 너무 안타깝고 문제가 있어서 왔어요 마음에 안들고 싫고 다시는 이 가게에서 사지 않을거고 속상함을 많이 느꼈습니다. 다시는 이런 일에 속지 않기를 바랍니다. 하지만 저는 그러고 싶습니다.
e4dffee41f8592aed45c0e12c872a731,1,구매한 상품과 다른 상품이 왔습니다. 2개의 이메일을 보냈는데 아직 무슨 일이 일어났는지 듣지 못했습니다.
51eaae3287e04efba45a51f52098fc88,1,어떤 기기에서도 읽지 않는 것이 좋습니다.
2ad674d5024f5e52836b96215eb73588,1,"저는 Lannister로부터 배포에 문제가 있다는 것을 알리는 이메일을 받았고 지금은 구매를 받았는지 묻는 또 다른 이메일을 받았습니다. 지금까지 그런 일이 일어나지 않았는데 무슨 일이 일어났는지, 무엇에 기인하는지 모르겠습니다."
9f5054bd9a3c71702aa0917a7da29193,1,구매했을 때 10톤이 아닌 4톤 78만 받았습니다.
ef161f48adcaeede5920308df1c280b6,1,감사해요
f7ae7cbe3967049e8cf9103d84155c44,1,나는 판매자가 자신이 판매하는 제품을 주의 깊게 모니터링해야 하며 문제를 발견하면 구매자에게 알려야 한다는 것을 이해합니다. 그런 일은 일어나지 않았습니다.
2e8644b6852a0e75700c764e182ddbbe,1,신뢰할 수 없음
454c3851ea6ca1eaa09fd44d2502aac0,1,나는 그 제품을 좋아하지 않았다. 원단이 너무 안좋네요
e51c3cf4bfd09ebd8f6d0174af3ed628,1,강력 추천
30a8343ec44216954bf765295fc0c65f,1,물건은 장식용 폴리에틸렌 식물을 심은 식재 케이스인데... 그런데 식물이 안 나오네요.
e352ff9f2e0ad057b6ce41cc5a662991,1,구매한 4개 중 베개커버 3개를 받았습니다.
aaae80f5b6239bd9e1b22e9aa542c3e8,1,밑단 솔기가 삐뚤어져 나온 커튼을 샀는데 너무 속상했어요.
7212b4060f681024f3a8fe5681df5389,1,안녕하세요. 지금까지 카펫만 왔어요. 거울도 없고 개구리도 오래 걸리네요
4f420928ce3031d9833981e1bd5005a0,1,아니요
e32d1cdb3683251a688c82d4a2dabb47,1,"제품은 아무런 효과가 없으며, 나와 대화를 나누는 모든 사람들과 그것을 사용한 사람들도 제품을 좋아하지 않았습니다."
e9171e375d76592a7c88e9f155664869,1,ㅋㅋㅋㅋㅋㅋㅋㅋㅋㅋㅋㅋㅋㅋㅋㅋㅋㅋㅋㅋㅋㅋㅋㅋ
c2abf9bb9aed7fde704bd9b34802c52a,1,제품은 레플리카입니다.
fceb38f42fbf13b53a6253648c8d47cf,1,아주 나쁜 제품입니다.
654236657c61378a35416f08170ff0ad,1,두 가지 제품을 주문하고 결제했는데 카드에서 돌려받을 수 없다는 이메일을 받았습니다6
5629fdbbd11b9755743ba8b8f517f8cc,1,구매한지 한달이 넘었는데 아직도 그림을 못받았네요;;
a599309f5f79fbd2d37ff1451b16d526,1,나는 의견이 없습니다!
86fafaeca020f3aecf950cc1fe6c68da,1,훌륭한 구매
737d1628b4fc7ee47b3380c9f1f41991,1,"방금 상품을 받았는데 박스를 열어보니 상품이 깨져서 내용물이 다 흩어지고, 화학비료라 포장이 터져서 꼼짝도 못하겠어요!!"
f1b7981b1f973562b7093fef02351b64,1,하나 사서 하나 더 왔는데 다른 것만큼 예쁘고 반품할 필요도 없었어요!
2e9247e7cf0c983200999ffee09f6e70,1,"핑크색 하나, 검정색 하나 총 2개를 구매했는데 검정색 2개를 받았습니다."
49584997a9180455c41d4c70ebaac683,1,우편으로 보냈는데 아직 아무것도 없네요
13cef9e0a4505f2d911e9c4465b5eb22,1,"큰 글씨가 붙은 중국산....우리 도시에서 판매되는 제품과 동일한 브랜드 및 표준인데, 그런데 이전 장치용으로 구매한 제품입니다...결론은요? 나는 카멜로드로모에서 뭔가를 두 배 이상 지불했습니다"
7920529b8621a433718e66c72a763bdc,1,", 아주 나쁘다 !"
12734d5805fd317dc486f3630fd82bcb,1,구매한 상품과 전혀 다른 상품이 왔습니다.
298065a5a50cdd8643be2945a421f4bc,1,구매에 만족하지 못했습니다.
cf7cd0f395801ff5971596509470129c,1,나는 다시는 이 회사에서 물건을 사지 않을 것이다. 그리고 Lannisters도 고객을 잃었습니다.
1a5c3dad7f8ccf75ce213a3726a25af2,1,A78 카트리지를 주문했는데 A85를 받았습니다.
61102a4a6d41f03e2c98d15f372979e1,1,나는 그것을 좋아하지 않았다
6460cc80249f46f8289b2a8d55d61dbd,1,제품을 반품하겠습니다.
7d9222bcb9fbdafc453620f32f6fb996,1,생각보다 재료가 적음
13b81a1e19dd22ce11a49e06b77a2b28,1,만료되고 오래되고 쓸모없는 배터리
fcc6a4fcf6e0cc5de15fefccafb07ed7,1,그들은 내가 구입한 인빅타 시계를 아직 나에게 전달하지 않았습니다. 그것은 2018년 6월 6일이었고 지금까지 그들은 나에게 어떤 만족도 주지 못했습니다.
2a18b3d0f12775db98aeb028d0e388da,1,제품은 훌륭하지만 양에 비해 가격이 만만치 않습니다
61fa17b757ab7e6e7900e8ea76786e0d,1,나는 인용문의 내용이 마음에 들지 않았고 내용이 매우 지저분하다고 생각했습니다.
1697ab1c88a58d47fe0154b461397e19,1,80cm 외부 HD 케이블을 구입했는데 50cm 크기의 케이블을 보냈고 게다가 메모에 케이블이 80cm라고 나와 있습니다!
6d82fb84caeb4867e10314d00ee91ca1,1,영원히 걸리네요! 피해가 없으시길 바랄 뿐입니다!
294b7da16c27e408f2137e10de0d9495,1,비쉬 세럼이 없어 아직 못받았어요
2d0805e3e830d6d2d694ee7a3aa58502,1,아직 못받았어요 왜 이렇게 늦어졌는지 모르겠어요 항상 라니스터에서 구매하는데 문제가 있었던 적은 없어요.
2fe324febf907e3ea3f2aa9650869fa5,1,왜 그들은 나를 넘겨주지 않았습니까? 이유를 알고 싶습니다.
2a6ec88bef2eb4c5e4716b26406ead0b,1,파라과이산 제품
68619ce8e1d093c01359eb9d2dd22120,1,"나는 Baratheon에서 쇼핑하는 것을 좋아하지만, 뭔가 아쉬운 부분을 남기는 파트너가 일부 있습니다. 지금까지 내 충전기에는 아무것도 없습니다."
5d146abaaa0996f8cabcb5a3fa96bad7,1,내 제품이나 돈을 돌려받고 싶어요!!!
260d235e25b0be20b5688b8a76ae2f09,1,"제품이 만족스럽지 않아서 하나 주문했는데 다른 하나가 왔어요.
끈이 포함된 제품을 구매했는데, 커버도 함께 왔네요."
ed04b75d1e0aabba1830432d54c2396b,1,좋은
3b26d4fe0e3bb6427ae7d3b446bd8c85,1,좀 더 단단한 줄 알았는데... 깨지기 쉬울 뿐만 아니라... 그립감도 거의 없습니다.
52e15aec94584413c0d7a661e4b7b4b2,1,제품에는 커튼이 플라스틱으로 만들어졌다고 명시되어 있지 않습니다. 더 잘 지정되어야합니다. 이는 소비자를 오도합니다. 나는 그것을 좋아하지 않았다
3237462ff9a798ff748565335fd86d85,1,나는 이 상점에서 구매하는 것을 권장하지 않습니다. 먼저 그들은 14일이라고 말했고 1개월이 지났고 아무 것도 없었습니다!
970310b46556ed34638f035a75ccfcf1,1,"나는 파란색, 검정색, 빨간색 하나씩 3개의 팔찌가 있는 시계를 주문했습니다. 시계에는 보라색, 회색, 빨간색 스트랩이 함께 제공됩니다. 반품하고 주문한 상품이나 돈을 돌려받고 싶습니다."
10bf9305aa4d5fb3382720adad789a40,1,깨져서 왔어요
240143ab3914b9052e329d80e795b1c9,1,지갑을 잃어버렸는데 어떻게 지내는지 알고 싶어서 왔어요
e2005caf6477eb1b0a0bcce785ecbb5d,1,아직도 상품을 못받았어요... 속상해요
c94ac7d021bb9260946da4c7b153366d,1,구매한 제품이 생각했던 것과 다릅니다..
93c0ee237d690478ecc66db76b8365f4,1,타르가르옌은 끔찍하다
5137d2621656ff029745600e991f1835,1,"그들은 나에게 어떤 만족도 주지 않았고, São Gonçalo에서 추적이 중단되었고 더 이상 진행되지 않았습니다."
224417719168eaea9497efd016f3bd43,1,교정기를 끼고 자면 치아에 피가 나고 아프기 때문에 권장하지 않습니다.
33977ddc245e1fadaf16878d170e910d,1,좋은
853f25989cabd6fc09d7e1ce0efd0f50,1,"1. 상당히 불편하고 귀가 아프고 잡아주지 않는다
2 휴대폰을 장치에 연결할 수 없습니다
3 4시간 동안 충전했는데 배터리는 한 시간만 더 지속되었습니다."
97b8a149d521ea9fbbbce767a458846e,1,지금까지는 이 제품 때문에 불편했을 뿐입니다.
0c8497b3a4cac1978ea4ef63fbc78312,1,구매한 제품에 대한 소식이 없습니다.
4d4aac37e91472a2cbb36ee91d35866f,1,구매했는데 잘 안되네요
ecb4d57a1f4dabdb34dcc3ddba82bc51,1,상품을 못받았어요!!
c39d785e16b7798f5c2654780d533ce1,1,너무 오래 걸렸어요
191bf2b9fb050515f22b85c7011efe08,1,너무 오래 걸려서 마음에 안 들었어
42c74febe4e2c8abef75d91fc0bfe0af,1,오리지널에서 버킷을 구매했습니다 남극에서 버킷을 받았습니다 보아
e36361f00e1c093432050d4a52860c8f,1,끔찍한 제품. 장난감을 포장에 고정하는 플라스틱 지지대가 4개 있었습니다. 지지대를 제거하는 방법에 대한 지침이 없었습니다. 운 좋게도 나는 캐드 중앙에 박혀 있는 나사를 발견했습니다.
ba905c53634f259fa5738c7307a0d092,1,매우 약한 제품이므로 누구에게도 추천하지 않습니다.
d5f1b4c2e52be04dafb9cdacb1b86921,1,나는 12v xb 1270 배터리를 구입했고 실제로 구입한 것보다 암페어가 낮은 xb 12AL을 받았습니다.
8716d097800b4155b24097b15ff45fe3,1,사용한 지 며칠 만에 러그의 머리카락이 빠지고 가장자리가 갈라지기 시작했습니다!
36da86192d48458dcb75f9f2bf4f249a,1,청구된 가격에 비해 나쁜 제품입니다.
2f773c64787631d6c8c0b98193a166eb,1,아직 상품을 못받았는데.. 고민되네요
f3e80ce79cc543e78b626ae391d7ee5a,1,안타깝게도 이번 구매는 실패했습니다
4f4830984a832508339321d903174164,1,"저는 항상 lannister.com을 통해 구매했는데 아무런 문제도 없었습니다. 이번에는 통신사가 뭔가 아쉬운 점을 남겼다고 생각하는데, 내 문제를 해결해야 할 사람은 lannister.com입니다."
7b8ad11294a3f23e9695000ab5f07a42,1,그들은 단순히 전달하지도 않았고 어떤 만족도 주지 않았습니다.
b9f3d81dec070aef9c5771e70dc92db3,1,댓글이 없습니다.
b2b8934746a9afa7b38c8c1f88268ecb,1,렌즈에 결함이 있습니다. 전체 상자가 맞는지 모르겠습니다.
0f72cb4b59a055ff45e334ecfe7cfee1,1,팔찌는 안주고 지갑만 주셨어요!! 2개를 한번에 주문해서 만들어요
4543bf01c903f993fb532fcd4e147267,1,"LED 램프가 달린 검이경을 구입했고, 백열등을 받았습니다."
97e080a21be085e3e36d5f7c0f8f0b43,1,그들은 내가 주문한 것과 다른 향수를 보냈고 지금까지 준비에 대해 불평하는 이메일을 보내지 않았습니다.
f16558dfebe7951628f0f25e6155dcb6,1,틴트를 구매했는데 다른 브랜드 제품이 왔어요... 그냥 고객이 실제로 구매한 틴트를 보내야 할 것 같아요...
98efe48952662e6a45a1dc51770039d2,1,상품 받자마자 긍정적으로 평가해봅니다
7955ebc3660bd2a004a4eaa016b3a190,1,너무 오래 걸리네요..
70a272d1c01754b91a8709ae7efe27be,1,이쑤시개 다리 4개가 없는 안락의자 중 하나
a9afb8f30ea1c72dd798b8eeaefcdff5,1,실버 강렬한 향수를 구입하고 전통적인 실버 향을 받았는데 반품하지 않기로 결정했습니다. 헤매게 될 것입니다.
81101f8021e6efa35db428bbaf886a29,1,"글쎄요, 정말 제품을 받고 싶은데 이런 일은 처음이네요."
d5a6117da9e539f1a08e0443644788ff,1,한 가지 세부 사항은 화면이 부풀어 오르고 필름이 가장자리에 달라붙지 않기 때문에 Xperia XA1에는 유리 필름을 권장하지 않는다는 것입니다. 추천 필름은 젤입니다.
af76a45a10524549102e010f2bd9d3cd,1,어두운 천용 전사지 5장씩 3팩을 샀는데 2장만 받았어요
5ca60cc1a00a1d2f3090cebdd57c696e,1,올바른 제품이지만 내부와 발에 손상이 있습니다.
d91340e9348bc8b0e4971c128f2c0254,1,댓글이 없습니다.
20d3cca1f6e329c19da781f029eed0e8,1,카드를 반품하고 싶습니다. 문제가 있습니다. 이 카드가 내 주문에 표시되지 않습니다.
3ad9ae84ca65db282ae34e9c9aeeaf7c,1,"제품(Casio G-shock Ga-100cm-8adr 시계)만 받았는데, 같은 주문의 다른 제품은 발송되지 않았습니다."
03c6fd082fce47bdd5e0dc1f81a9626f,1,결함이 있는 제품.
5619a43b2e52eacbfaafc5c569c1866d,1,"좋은 오후에요!
내 상품이 어디에 있는지 알고 싶어요"
ab291c01a71273689c1e6ea624b083dc,1,상품을 주문했는데 전혀 다른 상품이 왔어요
f993d127ffb4f4a6ad0cd89f48dc0b4f,1,조금 약해요.
86336bae769e4fb1af25f7bdb4b12cea,1,그저께 손톱 1개 패키지(10개)를 받았는데 포장되어 왔는데 해당 패키지는 손톱 2개 패키지(총 20개)에 맞지 않습니다. 난 라니스터 가문에 항의할 거야.
c36c62b3930f8c218cb3d6de52107992,1,"좋은 오후에요!

제품을 받았는데 제가 구매한 것이 아닙니다. 지퍼가 달린 커버/가방을 주문했는데 얇은 커버를 받았습니다. 매우 보기 흉합니다!

정확한 상품을 보내주셔야 합니다"
64b94e056cc445b99fe4059c9f968d26,1,나는 멕시코 해골 컵을 선택했고 포커 컵은 나눠졌습니다.
5007ef2d1751857fb87921606c3c617f,1,회사는 먼저 제품을 테스트해야합니다
0d3e9a1db3f3e32d92a74cf84605172d,1,제품이 앞면 베일 없이 와서 마음에 들지 않았습니다.
818961050c379d7725bfa37c6f6c40ce,1,댓글이 없습니다. 추천하지 않습니다.
5020a3db49225f967490d76021c7d13a,1,나는 단지 두 개의 패키지를 받았습니다. .. 그리고 5개 패키지를 샀어요.
3fd2328e67f3fa7eefe3738b5eccc86c,1,나쁜 재료. 보증 없음
8ef7f8c19a00b45667841442d36ad903,1,상품이 판매 이미지와 일치하지 않습니다.
4d9bdc2fb2669f62c3f9b40eb1a41c4b,1,나는 내 제품을 원한다
e72511587872c5769d43aeda089b28ca,1,훌륭한
d589713c55157332c231aee13c4a9120,1,제품에 결함이 있으며 Targaryen에서 반품이 불가능합니다.
fae8533726bd31cbcb92d9bdcaf5e92f,1,카트리지가 타서 문제를 해결할 수 없습니다
bcc4d7b9422f45610ec4008b5012e842,1,모아나 백팩을 구매했는데 마샤한테 받았어요. 무슨 장애야...
583d5978ccf34486c5dbf738558e1b7a,1,매우 약한 변압기는 냉장고에 적합하지 않으며 처리할 수 없습니다.
35a3d210c364e3747478f468b0547bb2,1,약한 제품
0693ed674763a4fc34e2c763c7fd25c2,1,나는 매우 화가 났어요
7b4fb0197b18a0fd0e75f9e44b3fc757,1,"열벨트를 꽂자 녹기 시작했고, 이를 사용한 사람이 타기 시작했다."
e44f8bcf1ae28a8f29c2ef7d87466da1,1,정말 좋아했어요...
a8dbaf4197af2f96f35fb65ad457c912,1,한 제품을 구매하고 다른 제품을 받았습니다!!! 완전히 불만족스럽습니다.
7bc70bc321068d03533136557afe2959,1,잉크 카트리지 2개를 구입하여 1개를 받았습니다.
1cc21285010bbdedb27bdf5995367df5,1,Recebi product errado e não consigo retorno da loja! 아직 내 제품이 없어요!
8f0f01a6b1970e8f3c336a6b93b96d9c,1,"이 바라테온은 나쁘다, 불만을 피하기 위해 수행원이 없다"
466a9ffb983d3e662816b47c2108a776,1,좋은
c5effd8bae9508c0e96b2e32b5dc66d8,1,액상을 샀는데 알약도 함께 왔어요
b8e8b6e0bd1954b4dd4559fb2e7665ef,1,쿠션 충전재의 질이 마음에 들지 않았습니다.
fc1b451bcd04f122c92cae4e31a12eae,1,영수증을 기다립니다
3b2e77967d37d34b88bd2bca3d2ec4a0,1,나는 이미 이 페이지를 정말 좋아했습니다. 이제 더 이상 추천하지 않습니다.
cac853d40d32850dba1ccff2c9f17269,1,상품을 받고 싶어요
1879b2219f6eeb88592378483e06c702,1,제가 귀하의 작업을 평가할 수 있도록 가능한 한 빨리 제게 주문을 보내주시기 바랍니다.
12e336061c0f1f6d33710d969ba62bec,1,내 주문이 우편함에 갇혔어요....
a25b9ed9a3a53f53489c105482625129,1,안타깝게도 장치에 문제가 있어서 교체해야 합니다.
83935760815a1020837d21238c7b9c10,1,한 제품을 제공하고 다른 제품을 보내십시오. 분노.
9c6a41b40091cf444dcd80fa62446a98,1,나는 추천하지 않는다
9be3bd4137c70d60cecf190a92fb9808,1,최근에는 아직까지 소식이 없습니다!
32b1d8f3789a57f1f752e20ac7404b4c,1,나는 그 가게를 추천하고 싶지만 그 제품을 누구에게도 추천하고 싶지 않습니다. 그것은 매우 복잡한 시계입니다.
e9d9941f914d3f702a186f0176ae231f,1,끔찍한.
63292a534f138991d0d55e67f7caa9bf,1,아주 나쁜 가게
d8734ba226623cf1c86b3cce8cbffa78,1,"끔찍한 서비스, 불만 채널 없음 
공급자"
b1501234c007ae50246518bde6945cf6,1,스파이더맨의 자전거를 달라고 했더니 캡틴 아메리카의 자전거가 왔어요
4c8649cbc5b80495a3d6df0ef599072c,1,"Veio estragada, os ilhoes soltos. 나는 추천하지 않는다"
12a5b8020b9000268a9f108bfe97cbe0,1,"선물하려고 파란색 제품 구매했어요. 받아보니 구매한 상품과 다른 빨간색으로 상품이 왔고, 파란색으로 기재되어 있어서 세무서에 기재되어 있는 것이 무엇인지 확인했습니다."
d83704206184936b569352ae7f704788,1,심파릭정40mg은 아직 출시되지 않았습니다.
0df2e7ba716c3f48ee4a3081092e2c19,1,끔찍한 가게
3b5066af438aa1723c4e22290fe8dabd,1,02 Tecrbi 01 롤을 구입했습니다.
58be617c22afd358984d890ce826e0c9,1,제품을 빨리 받고 싶은데 왜 이렇게 오래 걸리나요?
8100c4de96dbf94a93a19c78c69a006d,1,매우 약한 재료
c2ed06437a123b8c578ce63581930191,1,선택하지 않은 제품을 받았습니다
3ca220335d57d2c3accc9bb4816d7035,1,나쁜
668806d98daef95d0b00c461c8c4afc3,1,커튼 구입을 권장하지 않으며 커튼을 씌울 수 있는 막대만 함께 제공됩니다.
697c9a80085fcb5f4532d540fbf73e43,1,변경하고 싶은데 시간이 오래 걸립니다.
b8fffd71202e7086dd751c257751b3dd,1,휴대폰 화면보다 작은 필름
a272afa0c4a0a64bfd221905405bd452,1,저는 단순히 라니스터가 역겨워서 이 제품을 구입했는데 제품 정보에는 잔류 방지 샴푸와 볼륨 감소제가 포함된 키트라고 되어 있지만 1단계 PROCON FOR SURE만 함께 제공됩니다.
30ac9eae54e817b40c3c77fdb444a1e0,1,나는 그것을 좋아하지 않았다
02fe1a0806a5041f35fc69f658202c34,1,보낸 제품이 음성으로 나옵니다.
bd12688625f6f378f5892c777f735b1d,1,"매우 열등한 제품, 마음에 들지 않았고 끔찍하다고 생각했습니다.................."
4515f507dc97d2ae676665ef0b7b752b,1,어떤 린이라도 해체됩니다! 나는 그것을 좋아하지 않았다! . 정말 미안해
4083ae51fa136337c09bce24beff2fe4,1,좋은
6d335a14529f4ffa4219793d5b5a9772,1,아무것도 아님
d3a04a6a99a00682ddb37c44e1b642a7,1,내가 상상했던 모습과는 많이 달라 보였는데
41e295cfdf4ee0ab87e83df56f9935ef,1,타르가르옌 추천드려요!!! 더 이상 라니스터나 엘리 매거진이 아닙니다!!
cace50e014d7f1c702acf79a12b86a55,1,"바디슈트는 면으로 만든 줄 알았는데 합성섬유이고 고급 실크라고 상상했던 프린트가 승화네요. 어쨌든, 나쁜 직물. 피부가 숨을 쉬지 못하게 합니다. 나는 그것을 권장하지 않습니다."
c48b937c24e7b161a3685f1a8bc963b7,1,"제가 구매한 제품 중 하나가 안 와서 빈 상자에 들어 있었는데, 다른 하나는 제대로 왔어요."
13b4f8c4b570d25d95bfd3c915ed9c38,1,여러분은 좋습니다. 판매하지만 어떠한 지원도 제공하지 않음
09854629eee79bc8d606247198ae822b,1,이미 메시지를 보냈는데 오늘까지 응답이 없습니다. 주문의 일부만 받았습니다.
69df6146503dba833ea2ae56237acd97,1,제품은 좋지만 수령하는 데 거의 2개월이 걸립니다!!!!
2386b5c23a2a5a08397fa987f56b8fde,1,그래도 상품 꼭 받고 싶습니다🙏🏻
59c6d70603e4c4447067afb1291d725d,1,깨진 제품
d2b03101f40ceec33aab383966db0328,1,아직 상품을 못받았어요!!! 평가할 길이 없다
b865e2a136f1f12fb4fcc46a1188d1c8,1,제품은 좋은데 신발끈 냄새가 참을 수 없습니다.
b554cbcda7eaaecf46c018800f755e2b,1,의견 없음
3153710333d5f537679eb85bc07bf953,1,그림의 인쇄 상태가 끔찍합니다. 마음에 안 들어서 제품을 반품하려고 합니다.
a00e6f85d3ec7f1d81197fba0052db04,1,지금까지 그들은 나에게 아무 말도 하지 않았습니다. 이것은 미국인들에게 끔찍한 일입니다. 고객을 끔찍하게 나쁘게 대합니다.
83a022cc4e851507e14012a90fedcd0e,1,구매한 제품이 아닌 다른 제품을 받았습니다. 타인 명의의 청구서입니다. 이제 어떻게 변경해야 할지 확인해야 합니다.
4ad2b31eea8156f4b8413c4d41eec3d3,1,시트에 구멍이 생겼어요!
b9b426ab253dc328825da35f1bad83f9,1,케이스에 녹이 슬은 시계
4cdf8813fc5f4c3d74041453f606868c,1,오래전에 구입했는데 아무 문제가 없습니다. 279를 지불했는데 내 장치는 어디에 있습니까?
4ed3b57567c08a15c71665d759230b6f,1,"제안된 사양과 일치하지 않으며, 또한 제안된 사양이 납품된 사양과 다른 제품"
52597890ec6f46d79c0cc61f35b1cbc7,1,테트라키로 자물쇠를 달라고 했더니 간단한 열쇠를 받았습니다!
b38b4d329d985b7931f83f8bec9056d2,1,반품을 바랍니다!
ddbb7810ee091e41be585fc08828020f,1,매우 아름답지만 부서진 포도원
ffe5736050c2890fa51a28942820258a,1,의자의 한쪽 다리가 다른 쪽 다리보다 짧습니다.
f442020e13b718d40746ce039d97b4c2,1,아니요
2e97c9670a0854380fe1b37038d5799c,1,긁힌 제품!
ab275e2c1b924e6f63d5edc630a56262,1,예측이 필요해요.
75acfc4ebfc9ddb503a29002b31d8d80,1,나는 180레알에 제품을 구입했고 50레알에 하나를 완전히 받았습니다. 터무니없는
fad45938bae3bd8a63fbae03cc8ae040,1,"구매한 제품은 Mbp-662 이고, 공급된 제품은 MPB33S 였습니다."
079b09f210081037c1f444e2eaca1e38,1,나쁜
ed657707e074ec97427d985ed5c4d21f,1,의자가 없어졌어요
8486fd83698ac11d01786e0d04f9ec8d,1,소독기 대신 배낭을 주셨어요!!
023e55afed85f9778758fba7752a9215,1,좋아요
f74aecd058269c4087863fbc431e7681,1,뚜껑이 작아서 쿡탑 전체를 덮지 못했어요
572be93cb31b1fcee2a7fac8071c8208,1,이미 결제했는데 아직 못받았어요
a5d11ae16578088b0fcd76de30368bdb,1,내 유료 모니터는 어디에 있나요?
ae647800f7009520d784c9c9ab2de7be,1,"욕실용 수전인 폭포수전을 구입했는데 매우 섬세한 유리조각입니다. 원에 금이 가 있어서 왔고, 결함이 있는 비싼 제품이 아니기 때문에 매우 속상했습니다."
603e8f221c6d0513efe14f9de8cf4fb6,1,죄송합니다.
9ffe2ecd67ea09ead5b860aa81182fd7,1,커튼 2개를 받았는데 하나가 없어졌어요
b8db7d2782799267ee683bb2afa7f26f,1,끔찍한...
8a88cd510147b16da3ff773025a39430,1,나는 그것을 권장하지 않습니다. 결제가 확인된 지 한참 후에 제품이 게시되었습니다.
216c6c60eaa02facee10abb4ca3a9c6f,1,상품이 깨져서 왔어요 반품하고 싶어요
08d138a502fa05af63ac4005311484f9,1,지갑은 아름답지만 매우 크고 전통적인 지갑과는 다릅니다.
76931aa364051d5d57f6a23aa352956a,1,04를 구매했는데 02만 받았어요
52018484704db3661b98ce838612b507,1,"나는 제품이 매우 작고 전자레인지 버튼이 있는 ""스크린""이 있는 곳에서 쉽게 벗겨진다는 것을 알았습니다. 잘 안 어울리는데..."
41d74f5b8f1fb05bdec674cbba8f720f,1,마음에 들지 않았고 아름다운 패브릭 커튼이라고 생각했습니다. 그러나 그것은 나일론이고 매우 형편없으며 깨지기 쉽습니다.
cfa78b997e329a5295b4ee6972c02979,1,"미니 카존이 아니라 셰이커, 즉 카존을 흉내낸 딸랑이입니다. 끔찍한."
c4d2f075fc3bf3a06d1e68e113c35cbd,2,다른 브랜드의 슬링백이 훨씬 더 부드럽고 유연하며 편안합니다.
b3206cf64b7cd1480a6c6f9912b20666,2,매우 만족합니다... 강력 추천합니다.
cfd355e6233b9854f7decc72472f9c3e,2,휴대폰 연결용 3.5mm 잭과 마이크 연결 구멍이 휴대폰과 맞지 않습니다.
5ddbd5a10844f5d88892b9a051ef648d,2,너무 오래 걸렸습니다.
f54752d5e157d03feb75bb1320f30ac2,2,제가 생각한 것과 다른 제품이 왔습니다.
30300815be5e1666c028d3c07e86f847,2,온도계 1개가 깨져서 새로 받아야 합니다.
e5b692a00119342b4412cf70919378bd,2,제품 포장이 형편없습니다. 이 업체는 파트너를 바꿔야 할 것 같습니다. 마치 동네 가게 같습니다.
7764b1137f1449a900532727d4a58763,2,주문 후 8일 만에 받았습니다.
4bb429b2f70ff5c85e7fdcecb5efa852,2,드론은 예쁘지만 배터리 지속 시간이 너무 짧고 조립하기가 조금 까다롭습니다.
b8d83281a0c89e3157c9cd7c37ff7273,2,판매자와의 대화가 어려웠습니다.
3933b209d011421f37238c408302ab6a,2,"5cm 두께와 밀도 20의 폼 매트리스를 주문했는데, 2cm 정도의 얇고 부드러운 매트리스가 왔습니다. 추천하지 않습니다."
eec4699eb4ec4511a25aead6ed4e6c9b,2,"Honda Biz용 제품을 주문했는데, 포장에는 Handa Broz로 표기되어 있었습니다."
ac89e7344d2cb5597d862e338301ef8d,2,라켓에서 고무가 떨어져 나오고 있었습니다. 즉시 접착제로 붙여야 했습니다. 제품 평점은 3점입니다.
1e2751c3d3ccebf99f0de90d7fd2b279,2,제품이 구겨져 왔고 매우 취약해서 불만족스러웠습니다.
c19151387b76297886c53149367cac4d,2,"2개의 조명을 구매했는데, 각각 '취급주의' 라벨이 붙은 박스에 왔습니다. 한 개는 박스가 구겨졌지만 조명은 괜찮았지만, 다른 한 개는 조명이 깨져 있었습니다."
773ecfb47260922193611c913a702942,2,제품은 마음에 들지만 물을 너무 많이 흡수해서 다른 제품들은 그렇지 않았는데 이 제품은 그렇습니다.
745f8e8e54805aa546f8083a70649d82,2,제품이 더 잘 포장되었으면 좋겠습니다. 흰색 부분이 아무런 보호 없이 느슨하게 포장되어 왔습니다.
88b3b4d2f2d10a6dafd468832fc6962f,2,검정색으로 주문했는데 무늬가 있는 제품이 왔습니다.
5a5a4a1319679a5e560257abd2fa1273,2,로드스타 모듈과 다른 브랜드 SW2400 디지사운드를 구매했습니다.
a631c77f946e5131c16618c1d0453970,2,올빼미 펜던트 시계에 결함이 있었습니다.
6f20546433de334abe46b79336ead4b8,2,제품의 MDF 부분이 깨져 있었습니다.
8385fe258f97a33bb6ef40c70db6a4a7,2,아주 좋습니다.
ccf15697e8a9c460dd3bab4f04270c9b,2,"디플렉터가 큰 판이라고 생각했는데, 실제로는 3개의 작은 부품들이 서로 맞물리는 형태였습니다. 솔직히 마음에 들지 않습니다. 시중에 더 예쁘고 디자인이 좋은 일체형 제품도 있습니다."
c16e485cad605e6180b08e988e5b5bbb,2,"시계 디자인은 마음에 들었지만, 박스 없이 그냥 우편 상자에 던져 넣어 보내서 왔습니다. 고객 관리 차원에서 작은 디테일도 중요하다고 생각합니다."
96a75e828fbc9c621023e65e7e8dd946,2,시계가 와서 보니 앞면 검은 플라스틱 부분이 긁혀 있었습니다.
7036c2b99dc75cd8d088a8e4475e2658,2,영수증이 필요합니다.
ceb9ba23c2692423f47bd10e0f86bcc5,2,제품을 받았지만 아직 사용해보지 않아 평가할 수 없습니다.
b3dbda02f0861fee4f3d609a22e904d6,2,"유모차와 차량용 거치대를 주문했는데, 유모차만 받았고 거치대는 오지 않았습니다."
4a34ebaf9dad918de4b5201d02bd7289,2,잘 모르겠습니다.
90141430d83cd8c4e59b6a4cc206daae,2,"가발의 섬유는 괜찮지만, 너무 성기고 구멍이 많아서 가발인 것이 금방 드러납니다."
14a51ed90079fbc00365d6848d837ff3,2,추천합니다.
9edba4db56f4797983bd410419163414,2,배낭을 구매했고 가방을 받았습니다.
54c77052884ae590135acfe304034a61,2,제품 주문해주셔서 감사합니다.
91d9a72e928a84866b4d506c0398b723,2,받은 제품에 대해 불만족스럽습니다. 휴대폰에 필름을 붙였더니 가장자리가 잘 붙지 않았고 하루 사용 후 금이 갔습니다.
9f2940e7c87aa56f8dab37ac0be23138,2,아무 쓸모가 없습니다.
f322d0eb62f5e70fa62f78ae2b6d5ee0,2,주문한 제품은 30cm였는데 42cm로 왔습니다.
d17c532b7b6e2aa56945b55f0757fee4,2,지금까지 장바구니의 일부만 받았습니다.
2fb37826cdb8f506242e4dabb544e516,2,구매한 것과 다른 제품을 받았습니다. 차가운 백색 조명을 주문했는데 중립색을 받았습니다. 고객에게 설치해야 하는데 서비스 납기를 맞추지 못할 것 같습니다.
a6d23aa5f1190c09129345b363de8e37,2,작습니다. 좀 더 크면 좋겠습니다.
a966152e4fc6b7e1891aadd4406c7c4a,2,제품에 그림이 없었습니다. 그림이 있다고 하면 그것을 빼야 합니다. 누구나 세부 사항 때문에 구매하고 실제로는 없는 것은 원하지 않습니다.
39a8a29adbacd6bb73e50c85e4e69888,2,"설치하기가 매우 어려웠고, 기포가 많이 생겼으며, 불투명해서 화면 선명도와 광택이 떨어집니다. 마음에 들지 않아 추천하지 않습니다."
b2b4ad3f3df69da791d642a9bfc387e6,2,훌륭한 평가입니다.
163653bc8aa631e85ac4af4a4f6f3535,2,포장이 완전히 구겨져서 왔습니다. 포장이 잘 되지 않았습니다.
e158d5c24705aa1915440227823e4573,2,"이 제품은 중국산이며, 타거스 브랜드가 실제 제조사가 아닙니다."
a4b276bd4a9eba543ec90cdf29a67308,2,괜찮아요. 담요가 너무 얇다고 생각했어요.
d6cae08d072e981cb8ff02592b04985b,2,너무 오래 걸렸어요
e90521e4a0c9bf0152ce919b11442d99,2,좋은 제품이에요.
24b53730781f4921d543c4683b26c072,2,좋은 제품이에요
170dcd772ea4f51c3a859f9beef5d297,2,카펫이 너무 얇고 털도 가늘어요
aebe4edc785354fcde0254c24c2d8e72,2,냄비는 왔지만 공 모양 장식은 없었어요.
ea33aded94976ddb4b9ff4eda6c2eac9,2,제품이 더럽고 마무리가 좋지 않았습니다.
e0353eeedba2f065dcb285de34e49f03,2,"제품 박스가 훼손되어 왔고, 높이 조절 기능에 문제가 있었습니다."
0fdb6f73fab7005c84d4a43d8a93682b,2,Xxxc
0214781b6f9215eb09fb1b78de35b07e,2,제품에 결함이 있었습니다.
655b20c809450d9f4e2d3b62d5b7f416,2,강력히 추천합니다.
fca3ff759e8d69e522e5d0ceebb89059,2,어댑터에 필요한 케이블이 포함되어 있지 않아 따로 구매해야 했습니다.
765077a5aa4353d785afcdccc40cbfd9,2,제품을 약속된 기간 내에 받았습니다.
becc93b30e0f67e640b3a43ef08f396d,2,제품을 약속된 기간보다 빨리 받았지만 지퍼에 결함이 있었습니다.
d85e7bfbf3642aa30c49c490a914d140,2,구매 총액이 명시된 영수증이 없었습니다.
1f4fa11d9dacb1139e8e79ea0cefef86,2,타이어 중 하나가 정렬이 되지 않아 트레드가 중심에서 벗어났습니다. 이 타이어는 스페어 타이어로만 사용할 수 있습니다.
f232ff45f991fa2386608fdab459e65f,2,상품이 많이 긁혀서 왔습니다.
7e47dbecc85ae7f45a4645b97b180157,2,좋았습니다.
c3ad507aba1f6b47354085e7e6bed0cf,2,100% 면 이불을 주문했는데 100% 폴리에스터로 왔습니다.
bf375386af3b1f89486a565f182219a8,2,"AUSSIE MOIST 컨디셔너 1개, AUSSIE MOIST 샴푸 1개, AUSSIE STRONG 트리트먼트 3분 1개를 주문했습니다.제 의견을 묻지도 않고 AUSSIE MOIST 트리트먼트를 보내왔습니다."
1f6a5335ecf1406eea5f2cccc0c5946f,2,"모기장이 내가 구매한 것과 다릅니다. 그림에서는 직경이 더 큰 프레임에 천이 잘 주름져 있는 것처럼 보였지만, 받은 것은 깔때기 모양입니다. 정말 마음에 들지 않습니다."
53fe06ef88f994c4cd443f9c93ba8117,2,괜찮습니다.
f095f540bdb49344ad5fc17cc494e88e,2,지금은 누구에게도 추천하지 않겠습니다. 화가 났지만 제품을 받기를 기대하고 있습니다.
0e3815fe1ff3637c9870015d43097b07,2,"아직 결과를 얻지 못했지만, 더 잘 평가할 수 있을 것 같습니다."
b2a33016c177ab9b6f09ca324bb26ec6,2,모든 직원들에게 축하드립니다.
17229fc3b255deaf774bd892c1673951,2,가방의 지퍼 부분 봉제가 비뚤어져 있어 지퍼가 제대로 달리지 않았습니다. 바라톤 제품은 좋아하지만 이번 제품은 만족스럽지 않습니다.
445a17ac1fde5a5ac27faedc9b38318d,2,튜브인 줄 알았는데 새 둥지 같은 것이 왔습니다. 정말 마음에 들지 않습니다.
100ebf8fcba296158a4021a35cfa1bf8,2,시계가 너무 작습니다. 다행히 제 체형이 마른 편이라 괜찮습니다.
c2d61723f3e69b1e2bb9cc9c638c0b5e,2,커버 시트가 안감이 없어 약간 투명해 보이고 페인트가 바랜 것 같습니다. 베개 커버는 봉제 없이 완전히 매끄럽습니다. 기대에 크게 못 미치네요. 구매할 만한 제품이 아닙니다.
7e1090f3947562c4ac55c5ec2387ec9c,2,라니스터에서 이 제품은 추천하지 않겠습니다. 불행히도 주문한 제품이 구겨져 있고 제품 곳곳에 작은 결함이 있습니다.
6a8ead05c1fec9733ff10c379faa4e59,2,"마스크에 약간의 인쇄 결함이 있어 녹아 보이는데, 선물용이라 반품하지 않겠습니다. 다음에는 제품을 보내기 전에 꼭 확인해 주시기 바랍니다."
ed0b1b983f9bd6988b9865f7e774b885,2,2개 제품을 에어캡 없이 별도 포장으로 보내서 하나가 깨졌습니다. 불편한 반품 절차를 거치기 싫어서 그냥 두기로 했습니다.
8c7fcfaa7131076e4b646b3977ad6633,2,구매한 팔찌의 도금이 약해서 일부 부분이 벗겨졌습니다. 만족스럽지 않습니다.
5939f36dbe12649adeba478ae3c7e636,2,"상자는 잘 포장되어 왔지만, 구매한 MDF 선반 2개가 더러웠고 모서리가 깨져 있었습니다. 기대했던 것과 달랐습니다."
018fb228a3dd1a16349e73d2e41b239d,2,제품 코드는 맞지만 프린터에서 토너를 인식하지 못합니다.
a1e6a1eeef79fc64be1040e5ac6d3119,2,아직 공급업체를 평가할 수 없습니다.
2afae7f170a9a4b132f5d26a2aa53feb,2,처음에는 제품이 플라스틱 봉투에 너무 단단히 묶여 있고 테이프로 가득 차 있어 보입니다. 최악이네요.
15443e6c36bee0191bba44f93f55c1fe,2,구매 시 새 제품이라고 했는데 영수증에는 리퍼비시 제품이라고 나와 있습니다. 정확하게 표시하지 않습니다.
bd859dd7a6a1b8c1df9fcb75c3604eaf,2,제품 자체는 보통이지만 디자인은 아름답습니다.
c8f6b2cfd4ae525f62e7f2af94f529d7,2,너무 비싸요.
7a571da00e7b58c32fce2e6eb560dbde,2,향이 너무 강하고 달콤해서 좋지 않았어요.
646f1971e7c3a05fe0ce5fba3d67cda9,2,흰색 헬멧을 주문했는데 파란색이 왔어요.
0113affd907a209209ab08413bb54226,2,"모링가 캡슐을 구매했는데, 동네 약국에서 구매했던 것과 달리 전혀 효과가 없었어요."
e3ce941c85b5ae1ae2862a7344cbb845,2,제품은 좋지만 작은 날로 인해 사용하는데 약간의 인내심이 필요합니다.
1c7fe02ac4c7be50c59afb295cf85b89,2,의자 하나가 등받이 부분이 빠져있었습니다.
f34f5fc0699f22c0ff25056c89074d28,2,제품 자체는 좋지만 공급업체가 너무 오래 걸렸고 뚜껑이 깨져 왔습니다. 다른 제품을 받고 싶습니다.
df9ad58c9ee5c31a5a9e19eea2acc369,2,제품이 마음에 들지 않습니다.
790fb58b26bd95b481d6df9c7a0ea696,2,괜찮아요.
ee43f81be49659ebbee2bc7b90aeef4b,2,좋아요.
ba41c48ea14a8b704c1645f32aedefa8,2,마무리와 자수가 마음에 들지 않아요. 더 잘 만들 수 있었을 거예요.
913ad8619a18dac3ea5b944b82d289a1,2,회색 바탕에 흰 점이 있는 노트북 파우치를 주문했는데 검정색으로 왔어요. 하지만 거의 1달 만에 받아서 반품하기 싫어요.
1cbf75447931e3dbc3c38893fa41a6fb,2,마무리가 너무 단순해요. 오버록만 되어 있고 바느질도 없고 중앙 표시도 없어요.
b40cc33d658c4e802526de2bf8a56d43,2,로드는 어디 있나요?
9e13610356ba6774adf5c06c32f8448f,2,아주 좋아요!
c92d9519d152fad30fdcaa7bcbdbc30c,2,"제품 자체는 좋은데, 15.6인치 노트북은 맞지 않네요. 반품해야겠어요."
30f54cfb85a2cf596ee5b7a589d3ffa0,2,주문한 물품 중 일부만 받았어요.
334fcd4953d5e5b64f124a0ba7ecb317,2,2대의 선풍기만 받았어요. 반달 모양 펜던트는 없었어요.
96656dd1c9f0e6b415561d8a6734ffef,2,정말 마음에 들어요.
5e23655bee02f45b9a3f47282ad61b17,2,랜니스터에서 여러 번 구매했는데 문제가 없었습니다. 그런데 이번에는 그녀의 파트너를 통해 구매했는데 좋은 거래가 아니었습니다.
1d4744e42dc6d786bbc9512601f7e49c,2,기대했던 것과 다릅니다.
46401f2377e0c45bb5483227a21b812c,2,제품이 비닐 봉투에 포장되어 있어 새 제품인지 확실하지 않았습니다.
2dbb2d54315778065c399a7e83002a57,2,오토바이를 기대했는데 자전거가 왔습니다.
abf95d8f93963d70ab53ff935297c315,2,검정색으로 주문했는데 빨간색으로 왔습니다.
0217ad862ae7391cc3964c07ce3d6ea1,2,기대했던 것과 다른 제품이 왔습니다.
ad1e6579c0a8fffc5d8fe3f60fec72f5,2,가격 대비 괜찮습니다.
5f8692d4a41e2be3cf2a61b57cec915b,2,"구매할 때는 제품이 다른 것 같았지만, 받아보니 시중에서 구할 수 있는 일반적인 화면 보호 필름과 다를 바 없었습니다. 하지만 아직 부착하지 않았습니다."
b2f4a8f4cbaf1ca08d4454b73851e754,2,만족스러웠고 추천합니다.
d199e49e9cd642beda8a36b85fd6d51d,2,매우 섬세합니다.
a5c654c2a0126153f98af71a65a159de,2,제품이 예상했던 것과 일치하지 않습니다!
f1b070043fd1979039538e8644181f9d,2,보내온 확장자가 이미지와 다릅니다.
cf165c316414f3f5ef8fe2ef84a443c3,2,매우 좋습니다.
d59cc61c2dae8aad29577564430a4e6b,2,내 주문한 나탈리카 숄더백이 오지 않았습니다.
507920861be390ea5beb588607e4b0ab,2,제 주문 제품은 잘 받았습니다.
3571bf5785e29132d318f3c5222560f7,2,시계가 25 de março에서 파는 그런 단순한 제품 같습니다. 포장도 그냥 일반적이고 안에 있는 고양이 그림도 바랜 것 같아 보입니다.
4726e333b8605a51b03b823f5021f3d1,2,포장이 너무 좋지 않아 제품이 깨져서 왔습니다.
ca70cf8792727da384ba1b6e384cfbf6,2,제품에 결함이 있어 왔습니다. 어떻게 반품하면 될까요? 안내 부탁드립니다.
c1deab56eafcb4bec7703bbe7bd25137,2,제품이 내 기대에 미치지 못했습니다.
4d49d457ad5fc517a2a6f4f9ba232067,2,조정이 어렵고 냄새가 너무 심하며 너무 짧습니다.
71b2f7e12c3ef6574e1deaddbef86465,2,"위에서 말한 대로 모든 것이 잘 되었지만, 가장 중요한 것은 제품이 아니었습니다! 130kg까지 사용 가능한 7/8 목발을 주문했는데 110kg까지만 사용 가능한 3/4 목발이 왔습니다. 안전하지 않습니다."
0b39d78b430d574a6eafefe82c11b4a3,2,이 회사는 문제가 있습니다.
0e1ac2cf21f589ee45dc574349228a9c,2,이 제품과 함께 다른 제품도 주문했는데 승인되지 않았습니다. 다른 제품이 승인되지 않거나 재고가 없을 때는 알려주어야 합니다. 다른 제품이 오지 않았는데 이 제품을 보내서는 안 됩니다.
3413eb8515318f34dd2984e1b4b301fd,2,좋습니다.
649c4145bbf6cdb7b096afa02bf5e299,2,제품 디자인은 마음에 듭니다. 하지만 케이스가 너무 좁아서 외장 하드 중 하나가 들어가지 않습니다. 케이스를 1cm만 더 넓게 만들어도 대부분의 외장 하드를 수용할 수 있을 것 같습니다.
84f58fa486ce5cc8fcc701d211e80749,2,제 프론티어 트럭용 트렁크 가방이 대신 레인저 트럭용으로 왔습니다.
cc06f04e742657f674ab020cdb9ab887,2,훌륭합니다.
c867dd64bd728f7a87d1c868c7c2c33f,2,"검은색 케이스를 주문했지만, 실제로 받은 제품은 금색이었습니다."
65c470b5a3afad5b2af39828131e3e8c,2,괜찮습니다.
9ce991aaccb4817cc0ca0b4edb5c5ff1,2,예쁩니다.
1eed3691b23af50a487c4f8828287734,2,안타깝게도 접시가 깨져서 왔습니다.
ec375850cc8dd9f34f98be4fd8657576,2,"어제 제품을 받았습니다. 이것이 상업용 천장 선풍기이고 가격이 높다고 생각했기 때문에 최소한 날개는 강철로 되어 있을 것이라고 생각했지만, 사실은 플라스틱으로 되어 있었습니다."
16c4802ea5c28830deef826f1f0b6941,2,"주문서에는 2m 줄자가 포함된다고 되어 있었지만, 줄자가 포함되지 않았습니다!"
2b4c98424c04c927d4f10fd35a3e3558,2,이번에 구매한 제품은 기대에 미치지 못했습니다. 너무 약해 보입니다.
adaaf74d10de654fcf12afe727ac8d46,2,밀봉이 약해서 누수가 있습니다. 추천하지 않습니다.
19c1376b2449385d598bc89c73cdf380,2,제품이 매우 취약하고 표면적입니다. 장난감 시계 같습니다.
2709ee9d4fc363bd22b6bc782fa3668f,2,"구매 시 제품이 150Mbps 무선 Multilaser라고 되어 있었지만, 3G 모뎀이 USB에 연결되어야 한다는 사실을 알지 못했습니다."
e4f669bb9b79875231a2cf27ab8dd229,2,좋아요.
46e2c9316a4e671b4b4ffb25154c28c5,2,제품을 받았는데 조명 2개가 빠져있었어요.
1f4c55439dfb0750759521284d322815,2,물 탱크가 가습기 받침대에 고정되지 않아 헐겁게 있어요. 위에 손잡이가 있는데 그걸 잡으면 기기의 반만 올라와서 물이 쏟아질 수 있어요.
83d8eb18982d706a86805eb80e12e88f,2,이 가게는 추천하지 않습니다.
e660da13091dbe48784500c1c3e2fb75,2,100% 면 이불을 주문했는데 100% 폴리에스터로 왔어요.
fb2e0a2eb0a7cd9fc655c3fdda628acc,2,제 차량에 맞지 않아 제품을 반품하려고 합니다.
9b75fa68354ea9cd02695d002b82b109,2,불행히도 바라톤 제품의 파트너들이 더 나아야 했어요. 포장이 엉망이어서 코르크 따개가 긁혔네요. 가치가 없었어요.
9540c8c39b1ba6b1d92483e4bfc9759e,2,제품이 끝부분이 휘어져 왔습니다.
0a32952933d2a181dfe8f11d41f9f9b2,2,44번을 받았는데 제 주문은 43번이었습니다.
e47110d41905de410a2e6b8e4d9997ef,2,이미 사용된 것 같습니다.
ce7e2fea4efc732fbc5fd04753f2e549,2,제품이 손상된 채로 왔어요.
e94157cd8482dadb5e152f977ac0a097,2,"시계 자체는 좋지만, 시계줄이 너무 약해서 이미 얼룩이 생겼어요."
91f377dafe157043ee827b080a27e3f5,2,조립이 되지 않아요. 나사가 너무 느슨해요.
3c910682dae253cf479fb6cefab5e751,2,"제품을 주문할 때는 더 크고 높은 제품이라고 생각했는데, 팝콘이 넘치지 않을 정도의 크기였어요."
b63f8bb50651b512f0c3aa52c78dc340,2,파란색을 주문했는데 검은색이 왔어요. 그리고 상단 스피커에서 잡음과 윙윙거리는 소리가 나요.
a610609ae68611c8fdb97f1002636127,2,제품에 결함이 있어 미디어가 손상되었어요. 포장을 뜯어서 테스트를 하다 보니 반품할 수 없게 되었네요.
8215a74877c8a3e1f91c07745859f88f,2,말할 게 없어요.
3f752ac8c1676fac14b0fdc9dc26539a,2,시계에 박스가 없나요? 포장이 아주 잘 되어 있었지만 박스가 없었습니다.
a7013426d43f0cb36c5dbe09b84c9f96,2,"의자가 내 기대에 미치지 못했습니다. 이 제품은 추천하지 않으며, 이런 제품들이 온라인 구매를 약화시킨다고 생각합니다."
ff40f38705c95a8eceea1a0db29bff66,2,"2개의 시계를 구매했는데, 그중 1개는 맞는 제품이었지만 다른 1개는 완전히 다른 제품이었습니다."
c7528ad3eeabc9fee6d6839e687f69dc,2,보통입니다!
df5b1e6edf6451c6cd99e167739d9d56,2,서비스 개선이 필요해요
48c37ee80e51a60b382e320467cc9d37,2,흰색 침구를 원했는데 없어서 파란색으로 샀어요. 그런데 구매 후에 파란색도 없다고 해서 베이지색으로 받았네요.
e5daa600c317dd1854619b456f89fc1b,2,제품이 아직 설치되지 않았어요.
7433b1786e1af2042c2c4c76d3e4b750,2,보통입니다. 담요가 너무 얇다고 생각합니다.
11cf686bd51e6060001abd7c3eb9b05c,2,아직 제 타이어를 보내지 않았습니다.
753e537c63c618f5c27c4a3a51182909,2,제품 박스만 손상되어 왔습니다.
f91234b89ca8c758b3d2be234acb0355,2,주문한 제품이 아닌 다른 제품이 왔습니다.
77c885e668bc660993cbf7789930675a,2,목재로 되어 있어 습기를 흡수합니다. 추천하지 않습니다. 사용된 재료 대비 가격이 너무 비쌉니다.
bb814d61ca007ff7d14736b5f8a8d89d,2,안녕하세요. 이 제품이 WhatsApp을 지원하는지 알고 싶습니다. 다운로드할 수 없었습니다.
237ad2054a0b3375cc64b6a7e6e08683,2,좋은 제품입니다. 세탁 테스트를 해볼 것입니다.
2b0b75a2e7ebb3fa4a95e3b6ab121e86,2,"제품을 구매했고 좋았지만, 기대만큼은 아니었습니다."
3e973e154fa0787c8f507fc0929c96a1,2,제품에 문제(결함)가 있습니다.
725caf02795e0b544f8632bc82a3390b,2,결함이 있는 제품입니다.
081c75b9982020f01f5672792408d728,2,마이크의 성능이 기대에 미치지 못합니다.
b886293e979c828299f8fbae51cd8a51,2,"기저귀 갈아 주는 대 제품은 왔지만, 모기장 두 개가 빠져 있었습니다."
23169ab372b70385fcc9668d29aad84a,2,블랙아웃 커튼에 천이 덮여 있을 줄 알았습니다.
89dfba99bc6a9836761392161809f4c7,2,좋습니다.
ea3da9210148306e5b1bbb843c19e65f,2,향수 향이 오래 가지 않아 금방 사라집니다.
0afd81117f1c67a42890fb705304cb8d,2,"상자는 밀봉되어 왔지만, 상자 안에는 1개의 제품만 들어 있었습니다."
ff5b0acaf838e06bba2881e7ea4a474c,2,제품은 예쁘지만 매우 취약합니다.
3a53c89c1526bec25191f47b5ab57df6,2,제품에 결함이 있습니다.
e9e4f6c97c6b2d1844e0ab40e5c3a9d6,2,의자 받침대가 깨져 왔습니다. 새 받침대를 보내주시면 감사하겠습니다. 이런 일로 인터넷 구매를 더 이상 하고 싶지 않습니다.
3d881e61ee993d5bba4becb0d98b1579,2,중국산 제품은 기대하지 않았습니다.
5f0204c837c9b96a76c8da513f40ab17,2,"메노라의 총 길이가 16cm라고 생각했는데, 실제로는 높이가 16cm였습니다."
52d4b2f313a33c4f6ae0f774f4d9221e,2,기대했던 것과 달라서 제품을 반품하고 싶습니다.
43150008aa4569cfef4be756bd7dbdd3,2,제품을 받았지만 결함이 있어요. 두 개의 연결부가 같아서 잘 닫히지 않습니다.
eab2fe73db93310ed2c346e28e47646e,2,휴대폰 케이블과 충전기를 주문했는데 충전기만 받았습니다.
825983820e200102c888befb401e0803,2,만족스럽지 않습니다.
92ebaccb732e2b347a19dbc3245fcb27,2,가격에 비해 제품이 기대에 미치지 못했습니다.
fdcd5bf547fed776194fe9a3b691a324,2,제품에 포함된 설치 CD가 깨졌습니다. 새로 보내주시나요?
7a2caaaf6f039835babfdf9aea003412,2,"구매 후 거래 조건이 변경되어 불만족스럽습니다. 거래가 Lannister에서 Targaryen으로 이전되었고, 판매 영수증이 전달되지 않는 등 정보가 일치하지 않습니다."
4f53691b758958dca780dbbe19dad2ab,2,전구를 설치하려고 했더니 나사가 부러졌습니다. 그래서 접착제로 고정했습니다.
8013932c4c00036478bea6424e783117,2,"제품을 받았지만, 10.1인치 태블릿용으로 구매한 케이스가 맞지 않습니다. 이 케이스의 치수가 정확하지 않은 것 같습니다."
82a914d5f7af95901a18ef83b388bd4f,2,결제했지만 받는 데 시간이 오래 걸렸습니다.
0081ab2c99dc85945c28926b77dc6960,2,"삼성 노트북 R520용 500GB SATA 하드디스크 1개를 주문했는데, 2.5인치 데스크탑/노트북용 Seagate ST500LM030 Barracuda 500GB 5400rpm 128MB SATA 6Gb/s 하드디스크를 받았어요."
beb19a07c97b17bc12756b493b5d59c0,2,침대 커버가 마음에 들어요. 추천합니다.
043ad325c92b4317f9ff48836a7a4e9c,2,결과를 기다려 보겠습니다.
ac899f448f474ceb27b400ce38f25bc2,2,5점
4fc72988165ca65c53de230e436b1073,2,"제품 자체는 마음에 들지만, 선물용으로는 적절하지 않습니다. 제품 특성을 나타내는 포장이 없었기 때문입니다."
cf91dadab9111371ef3973e8febe8d3e,2,"랜니스터가 이런 판매 방식을 도입한 이후로, 제품과 고객 관계가 좋지 않습니다. 이번에 구매한 키보드는 괜찮았지만, 모니터는 그렇지 않았습니다."
67cfcef68eea9ea1ea9423cf240ed340,2,아크릴 부분에 결함이 있어 눈에 잘 띕니다.
199b69907d6218811c47ec3480d11812,2,제품에 결함이 있었습니다.
989196f56241e43b0bf10162011e6b30,2,수건이 생각했던 것보다 훨씬 얇네요.
b6a4acd4de8a93e329ace89646cd7363,2,단순하지만 가격 대비 괜찮습니다.
0476f6eca64ad7ce1bef51f7308871bd,2,전원 케이블에 결함이 있었습니다.
da792ccf2fb581023240f57c7ad5c14a,2,"충전식 배터리 키트 4개, AAA 2700mAh 1.2V Ni-MH"
0a38b7de941db65679a11a300f782703,2,상점에서 제품을 보내는 데 너무 오래 걸렸습니다.
3b8187869db8c3d49a53df42809d5e65,2,구매 시 선택한 이미지에는 커피 맛과 바나나 맛 제품이 있었지만 코코넛 맛 2개가 왔습니다.
b6e5ddeaf2e5b56015e295beb333f305,2,훌륭한 제품입니다. 누구에게나 추천합니다.
d70eae092adeb15c5bf4f8aba1819cd2,2,"이미지에는 나비 카메라, 전원 케이블, 양극 비디오 케이블(빨간색)이 표시되어 있지만 실제로는 단순한 케이블만 왔고 구멍 톱이 없었습니다."
30dfb5b33bf44683be3e2f7df4bdd769,2,후추 분쇄기가 상자에 포함되지 않았습니다.
eb499e69dd66045ab639c5fe90ad93f0,2,선풍기를 받았지만 깨진 상태였습니다. 램프 받침대의 유리가 모두 부서져 있었습니다.
851e5fe2dfd9579bb3bcb65dfa4d2b3a,2,기저귀 바인딩이 포함되어 왔습니다. 개선의 여지가 있습니다.
3e6f06c624c7f67d6a0710e39ca97f2b,2,잘 붙지 않아요😩
e8a8ff2fda1e5eeeed6e56a9a882f648,2,"아름다운 시계지만, 손을 씻고 나면 물이 차서 최소한으로만 사용할 수 있습니다."
829dd3ef512422255299763d6cce8f96,2,정말 약해 보였습니다. 저렴한 가격이라 프로모션 제품인 줄 알았는데 작고 약한 수건이었습니다.
46bd1a27e10461c5139b6c7fc349b6ec,2,주문한 제품이 아닌 다른 제품이 왔습니다.
26330ea8daec86890eecd63e62f17c01,2,검은색으로 주문했는데 갈색으로 받았습니다.
dd563e7a7841c760917e0cf6aee3740d,2,제품이 기대했던 것과 달랐습니다.
996205a42aa5c733caed84046b376508,2,제품을 테스트해 보았지만 XBOX 360에서 인식되지 않았습니다.
444134534ff42a9631f932653df1d132,2,액자의 도색이 벗겨져 왔습니다.
84a82cb26c0c8d39d352cc2912a91d99,2,제품이 구겨져 왔습니다.
22cbb862caaa697ec27060c8112bcb10,2,해결책이 없다면 추천하지 않겠습니다.
0b4d60b8c7aa289e337094f0fb7ec296,2,부품이 임시방편으로 수리된 것 같아 보입니다. 세부사항에 민감한 분들은 불편할 수 있습니다.
6b6691a02fbc1d93db80af20e602b8e9,2,좋아요.
bfad36ec8c862bac39b68d9490a76052,2,제품이 금속 같아 보였지만 정보가 없었고 고무였습니다.
65bb139b1cb6db9d99a350fa4a7d68f0,2,벽에 거울을 붙였지만 접착제가 좋지 않아 시간이 지나면서 떨어져 나가 끝부분이 부서졌습니다. 더 나은 접착 테이프를 사라고 안내해 주지 않았습니다.
bd69cd564f711eddada0e30038e89558,2,받은 제품이 기대했던 것과 달리 취약하고 매우 비쌉니다.
17220c71a949903772f1ed32292ee69f,2,괜찮습니다.
0a791a17784db64bbc47f6b666011d9e,2,"제품이 많이 손상되어 왔습니다. 인형 얼굴에 페인트 결함이 있고, 캡틴 아메리카 방패에 긁힘이 있으며 받침대에 고정되지 않고 팔이 늘어납니다."
e894c57e9986a9c5936b17fe19400a6a,2,"이불이 너무 미끄럽습니다. 그리고 베개 속 충전재가 베개가 아닌 딱딱한 쿠션이어서 베개로 사용하기 어렵습니다."
e04f952af9764d87d5a0ac5e7cf48cca,2,기대했던 대로 왔어요. 100점 만점에 추천합니다. 정말 좋아요.
25b951c1d074042d59f6545470172015,2,제품이 비싸고 매력적이지 않습니다.
bcb993ae0fa8c8f08fb79b6ec87df917,2,추천하지 않습니다.
2fe2852de76ec325582d6cb9953e86fa,2,부분적으로만 받았습니다.
8526252eba4c42a9b627db77f8ffcfe1,2,이해가 되지 않습니다! 왜 이런 평가를 하는 건가요?? 제 제품은 어디 있나요??
1b71d6f1758208e8fc19537dee8e586e,2,제품이 그리 좋지 않습니다. 사용 첫날부터 녹슬기 시작했습니다!
9c5e59d13402e43348641c0293487f76,2,"3-4세용 배트맨 팝 의상을 샀는데, 상자에는 의상, 망토, 마스크가 포함된다고 되어 있었지만 마스크가 없이 왔습니다."
e6f9e405ce45b165458e7f5e14398ee5,2,마음에 들지 않습니다.
2a4e9cc2c53dd020a94fb56a25e0be57,2,거울이 많이 긁혀 있어 매우 좋지 않습니다.
7015505fc7302da88c0e9c58e8c3262e,2,고무가 아닌 플라스틱이라고 생각했습니다.
9632facd8bd95315d63a23bf616d85b0,2,아기 안전 의자가 빠져 있었습니다.
15ccd194a9fbbf9a0f31cfbf5c6677b7,2,그다지 좋지 않습니다.
a6bd0e06851775efded00d296685e0e7,2,여기서 항상 구매하는데 가끔 가격이 비싼 편입니다. kkk
0245631f7bd55dbee7c6b441629bba94,2,"커튼이 다른 물품과 함께 오지 않아 아쉽습니다. 하얀 보일 커튼 8.00x2.80m, 마이크로 화이버 라이닝, 크롬 아일릿 화이트 입니다."
7e9d429736ca906b27567eceda90f4b6,2,"제가 주문한 제품과 다른 유사한 제품을 보내주셨는데, 사전에 확인 없이 변경해 주셔서 불편했습니다."
2721cdbb603d7ab34553d2e44a6f9ae0,2,설치하기가 어려운 제품이었습니다.
12f12b0c970ed338e7a4cf857fd1eb33,2,네
20179c04ba0e2e024542349ec1d5d263,2,아직 제품을 사용해보지 않았지만 괜찮아 보입니다.
77de735385f248a39145574246962d8e,2,안녕하세요. 시계 크기에 대한 불만이 있습니다. 너무 작다고 생각합니다.
a91e629d7c60ee83c467d41250528cc5,2,비싼 제품을 구매했지만 결함이 있었습니다. 시계의 버클이 제대로 닫히지 않았습니다. 수리를 받아야 했습니다. 랜니스터 온라인은 더 이상 추천하지 않습니다.
a5e045a63fbea3842f888a42153c61e3,2,"케이스는 잘 맞지만, 화면 보호 필름은 휴대폰보다 작습니다."
1c03b97f7acb4f04662663e0d1b58e17,2,주문한 대로 정확하게 받았습니다.
1d59b360ab8917af7b326a6e8709f2a1,2,작은 차량용 제품입니다.
687827c3a3bcdf03c6956d9bbe263ed5,2,거울이 아닙니다.
caaf47e44c959a733f8665acac275e69,2,깨진 유리가 왔습니다.
b0d9e11d4daffb6828bd2ca9ea78d916,2,마음에 들지 않습니다. 너무 얇아요. 가격은 저렴하지만 더 나은 제품을 구매할 수 있습니다.
fb44e4ed3e78403652d50fcf506de1ba,2,코스코 아기 안전 의자에 맞지 않는 케이스였습니다. 추천하지 않습니다.
454ecfc568c4d964048236e91a42bda6,2,고객에 대한 예의가 없습니다.
98ba8f657af33ed841528bcc38869816,2,기대했던 것보다 약간 못미치는 것 같습니다.
9d7ecf49e46ed6b1d5caa034b87404a5,2,향수 구매 시 향 선택 옵션이 없어 아쉬웠습니다. 받은 제품은 지속력이 좋지 않습니다.
6ef68a30425925354c7d5c7d4f664ab4,2,제가 구매한 헤어밴드가 오지 않았습니다. 어떻게 해결할 수 있나요?
314c573c3c333b3bfdaf1b7821642d39,2,제품에 렌즈가 긁혀 있었습니다.
44f3d1f080f4d91df2ed14744c6e8184,2,공급업체들의 관리가 필요해 보입니다.
c7b81b11d2fbb30b6e215611ff0fdf15,2,"이전에 주문했던 다른 제품들은 플라스틱 포장이 잘 되어 있었고 CD도 포장 안에 있었지만, 이번 주문 제품에는 CD가 빠져 있었고 포장도 좋지 않았습니다."
6d6f0c5bbf3fc7bbef3b260c1a8c89f8,2,제품 가격이 주문 다음 날 20레알 더 저렴해져서 아쉽습니다. 또한 제품명이 다른 것으로 왔어서 만족스럽지 않습니다.
4517217f6929827c965b96a34e5ffbaf,2,제품이 제대로 포장되지 않아 모든 것에 물감이 묻었습니다.
b78ff92837a4593dbc8ed0e5f7ce3e16,2,제품이 매우 좋지 않습니다.
9519371e37eebc065ffca4a20134aed7,2,제품이 마음에 들지 않아 반품하고 싶습니다. 제 거실에 맞지 않습니다.
296752c5e35a99dd06b9100ab400c8eb,2,제품이 좋습니다.
a6194f2c90f8905dcf4e5fe2b8c5358b,2,홍보된 것과 많이 다른 매우 취약한 제품입니다.
5325c0655c8fabfab6654453c2265397,2,주문서에 명시된 대로 흰색 의자에 라일락색을 주문했는데 받은 제품은 흰색에 보라색이어서 제가 원한 것과 다릅니다.
296e1020c48c85d07b3fb22436e3e65b,2,괜찮습니다.
9b045cde06f6adb6f6187e2119c89869,2,주문한 제품 중 일부만 받았습니다.
18233451c81fa4cf187fae71d8e8a299,2,..
59ee425a0f0cd825c79aafe5990b7bac,2,서비스가 매우 좋았습니다.
edbb9b1079a61cdf59d13e1c2970ee07,2,제품의 포장이 훼손되어 있었습니다.
4d938cb9756669aa9adb5e4e06db4850,2,시계는 단순하지만 괜찮습니다. 포장이 약간 구겨져 왔습니다.
ec88ef2191b5e44c70cd7fc05d9b5e95,2,"제품이 좋았고, 제 딸이 좋아했습니다."
09cd0ef00759c25af3a62b31366074bb,2,제품을 받는 데 너무 오래 걸렸습니다.
aa30490bcb62cf8283e389b35ea6b220,2,가격 대비 이불이 왔을 것이라고 생각했습니다.
494fa4e20c0a57c2f565a2d43a41462b,2,시계에 결함이 있습니다.
2526d08a2985e1b276a405915c2d8be9,2,좋습니다.
7cfabaea28ed8990f6ed91454a1a7cd1,2,제품이 터져서 크림이 가장자리로 새어나왔습니다.
f2fdb2c26514430fe5fc50af581e9d2c,2,"인쇄에는 문제가 없지만, 가끔 프린터가 카트리지가 제대로 설치되지 않았다고 알려줍니다. 카트리지를 빼서 다시 넣어야 합니다."
f65ca26881ac6c0ef00ce00baf3d157b,2,의자가 생각했던 것보다 너무 작고 회전하지 않으며 높이 조절 기능도 없습니다.
a8375c727655c94388acaf79f017be5d,2,부품이 하나 빠져 있었습니다.
88d0690c4598321b6166f806c2da7034,2,보통이에요.
4aa5e89a54afc5cbb187bc2bccfdfe33,2,좋아요.
ecfac5c29a3281d0ccd4cd7b53ae7ece,2,모든 게 잘 되었어요. 만족해요.
f95bad5023f3ba2c5dd0715eb1c8db91,2,제품이 제가 생각했던 것과 달라서 기대에 못 미쳤어요. 마치 무료 견본품 같아요.
1f6e38ed623eb80e0fa388787c9ae848,2,제품이 마음에 들지 않아요.
25f22c7921c0a8d9aece054f7daab2b8,2,"제품은 며칠 만에 받았지만, 제 제품에 결함이 있었습니다. 제품은 Asus zenfone 3 zoom의 화면 보호기였는데, 화면 보호기가 금이 갔습니다."
4caa878dd26539c88f5243c6bd277ad5,2,"제가 주문한 제품이 아닌 다른 제품을 보냈고, 포장이 새것이라고 적혀 있었습니다."
d756d977405b47db7635ff6c50a6e6a5,2,배터리가 터져서 온도계를 아직 켤 수 없습니다.
27de05cb2f75e456b01b2bab56fd8844,2,1주일 만에 시계가 벗겨지기 시작했습니다!
07be9bc8241fb542df3e10f395d5b412,2,이 주문이 너무 오래 걸렸습니다.
d983124667a44e540ef9ab35c37c486e,2,제품은 받았지만 제품 영수증이 없었습니다.
8a1971d2df1c5e6101ab0285700c7ebd,2,이 가게는 내가 주문한 제품 대신 다른 제품을 보냈기 때문에 좋지 않습니다. 이 가게는 추천하지 않습니다.
d211250c55eeca57b507cfe8e97e8d7d,2,제품 자체는 괜찮지만 완벽하게 맞지는 않습니다.
85255dfbdf9d963a4517ef2587876dd4,2,제품이 깨져서 왔습니다.
3d5297364b0d752cbbb48a11a58eef00,2,제품이 크다고 하지만 아이에게 맞지 않습니다.
a380f666b6f5f63175077284df9e7237,2,주문한 제품이 보라색이 아닌 파란색으로 왔네요.
ebddf8921a89c56e1f375877575aecbd,2,마리오 브라더스 전통 인형을 주문했는데 흰색 마리오 브라더스 파이어 인형을 보냈네요. 이런 제품을 원했다면 다른 곳에서 구매했을 것입니다. 이 업체는 추천하지 않습니다.
8ae7da80a0ae007c1d30c6ff5dc3bf26,2,제품에 결함이 있습니다.
2de2f2ccac0ff270f62bbd95984922bf,2,제품 포장의 필름이 지정된 기기에 적합하지 않습니다. 화면 크기보다 작아서 가장자리에 먼지가 쌓일 수 있습니다. 하지만 케이스는 잘 맞습니다.
c03748652e7cdfeb73bf4aa3b41da0dc,2,선반에 제품이 없었어요.
10c8dc196ef9940faeef9fb9e6790abd,2,TV에서 본 것과는 전혀 다른 수건이 왔어요.
2de88b97e4bbf3a783afbdd55cb955e4,2,"필름은 왔지만 제품 자체가 좋지 않아요. 제조업체의 지침을 따랐지만, 화면에 기포가 생기는 것을 막을 수 없었어요."
ced41f3dceaa40cd6e2168c43527b29a,2,더 튼튼할 줄 알았어요.
b0e779f901eb8bbbc2e223a783dc46a1,2,보통이에요.
ea5b2c0d002d415e1c5e7d7f39c831f5,2,방수 보호대가 없어요.
7c8cabe92b0d78f64750cd7091610d13,2,보통입니다.
689213e7743f18906e01c88ccd31e880,2,3점
12c876d1fcac530f4415cb03afc041a6,2,상어 가위는 아무것도 자르지 못합니다.
758888bc05afa2d25b8ebd3c47020016,2,조명이 제대로 포장되지 않아 찌그러졌습니다. 전선을 가리는 작은 컵도 없이 왔습니다.
410bbe52ea797b594e24bf3d7dadf8d4,2,큐브 중 하나가 손상되어 왔습니다(찌그러진 것 같습니다).
88898c8b7a5b7d3e2291e990f93d274a,2,금속 부품과 일부 나사에 녹이 슬어 있습니다.
a73b88538d5028e0bb2e13ced8597968,2,xxx
93c244c6bb63cafcde3117a2b2a5e151,2,타르가리엔에서 판매한 제품이 종이 상자에 신문지로 포장되어 왔습니다. 제품이 더러워서 청소를 해야 했습니다. 이건 말도 안 됩니다. 랜니스터가 이런 파트너와 거래하는 것이 슬픕니다.
4e01c9b57e9b37add580871564686c4b,2,보통입니다.
28f5b7eeb630d537533dec10991130fc,2,직물이 더 좋을 것 같았는데 너무 얇습니다.
b95cae4001dc3efdaa739478cf9c92e4,2,전등이 없이 전등 장식만 왔습니다.
bdccf03ca8600528b6f897db4f6329ef,2,무슨 일이 일어나고 있는지 이해할 수 없습니다. 구매와 제품이 매우 단순해 보였습니다.
be73d4698f2f4939662dd7788cf3dad3,2,세차장이나 주유소에서 파는 것들이 더 낫습니다.
74e85c9073bd0cf474433bd75c31aac2,2,흡착판이 없었습니다.
68490c57a7a7ef7602fec9765720fc48,2,바퀴가 달린 제품을 구매했다고 생각했는데 받아보니 4개의 고정 다리만 있는 서랍장이었습니다.
c17d3d6c480b09300d8daa2eb502d060,2,제품
9e9e4d3f5d27fab18087abf851da026c,2,2개의 숟가락이 깨져 왔습니다!!
2208f3a59d7067fe62c900692f5fdcaf,2,제품에 결함이 있었습니다.
00ac05fe0fc047c54418098eb64e3aaa,2,제품의 검은색 테두리에서 물감이 벗겨져 나오는 문제가 있습니다.
33cd2b3de2ec32a78518fd9a66c98641,2,괜찮습니다.
e099addc2ac0e7bfa3f4e976fca59f99,2,시계가 방수인지 알고 싶어요...
77b85146fc12a34dd81ef54524f247b2,2,회사에서 영수증을 보내주지 않아 구매자에게 필수적인 서류가 없어요.
260c1e77793a506e09dd0f8135109966,2,"종아리 보호대 두 개와 종아리 보호대 걸이 하나를 샀는데, 보호대 두 개는 왔지만 걸이는 오지 않았어요"
ef5cbfafea632f181983df020dee5199,2,"향수 포장이 밀봉되어 있지 않았고, 병 안의 향수 양도 정상보다 적어 보였어요."
b80264e091caa14505dc8e800902c80c,2,배기관 보호대가 오지 않았습니다!!
a2d61fcc6a85b2662e5ba230a206dd72,2,좋습니다.
281adb47b408b1e1866642b03432f095,2,제품에 작은 결함이 있습니다. 가격이 그렇게 비싼데 더 철저하고 세밀한 검수가 필요할 것 같습니다.
d6b18764545dfde7b5ee30af60e6fc0c,2,매우 좋습니다.
98bffcaf0aacc0569cbe1fbfc94a9639,2,"상자가 약간 습기가 있었습니다. 포장을 열어보니 시계에 약간의 녹이 슬어 있었지만, 천으로 닦아내니 괜찮아졌습니다."
f599acb00d4cb6e90d83d34a56c71ded,2,수입 제품인데 제 것에는 결함이 있었습니다.
6b9f14d8f9da9c5626af3b152be03417,2,받은 바구니에 두 개의 경첩 중 하나가 찌그러져 있었고 한 면의 나사 두 개 중 하나가 빠져 있었습니다. 나사 구멍도 제대로 뚫려 있지 않아 원래부터 나사가 없었던 것 같습니다.
d14704bf551588cc4acea3368cafe62b,2,바닐라 맛을 주문했는데 초콜릿 맛이 왔고 BCAA도 없었습니다.
38878bafc676263af50211706ab39e7c,2,포장과 라벨이 없는 제품이 왔습니다. 이해할 수 없습니다. 직물 공장에서 보내온 것 같습니다.
7ed696782f4472458c5f1fc95bf5d6ed,2,훌륭한 제품입니다.
b04a982d508ac09ea6623617f5748052,2,가죽 제품이라고 하지만 실제로는 그렇지 않습니다.
250feacc914cfbf84cd0779fdbbb785e,2,의자의 바퀴가 부러져 왔습니다.
0a881bec2e3ae03ba47a8d04d5dfc450,2,제품이 잘 포장되지 않아 한 장의 판이 찌그러졌고 거울이 금이 갔습니다. 하지만 용도에는 부합합니다.
f7e9f0f0c92fa9d46dc73e8f6d28ab96,2,포장을 열자마자 바로 풀어졌습니다.
a93b122106fb3a1e62510b02010af8d2,2,MP3 플레이어를 받았지만 헤드폰이 없었습니다.
163ad1666638554c03eff2545773c4b3,2,이 케이스는 내 휴대폰에 맞지 않습니다. 제대로 맞지 않아 음악을 들을 때 케이스를 벗겨야 합니다. 화면 보호 필름도 화면 전체를 덮지 않습니다.
ded8a75f89ac9b3ad08c2de7f07bca70,2,"커튼이 마음에 들지 않았고, 일부에 작은 구멍이 있었습니다."
53f8893a652ff59a88793de9e5817ab4,2,시계에 대해 한 가지 불만이 있습니다. 배터리가 약해져서 자주 멈춥니다. 이 시계는 새것인데도 벌써 멈추고 있습니다.
dd1240d12bb27a5516e0bfe172c26d0b,2,제품을 반품하겠습니다.
7f8c45241719d873d8f5e3899b7101be,2,"흰색으로 더 비싸게 구매했지만, 실제로는 검은색 제품을 받았습니다."
bf43f434abcaa2f045548a0592ee5e3c,2,"제품이 완충재나 보호장치 없이 종이 상자 안에 느슨하게 들어 있었습니다. 다행히 제품에 손상은 없었지만, 포장 면에서는 아쉬웠습니다."
afecb6cd077fed8f38144c9a1676493d,2,"제품 맛이 좋지 않고, 권장량을 마신 후 가스가 차는 증상이 있었습니다. 작년부터 whey 제품을 사용해왔는데 이번이 처음으로 이런 부작용이 있었습니다."
